Intersection 1 Lat,Intersection 1 Lon,Intersection 2 Lat,Intersection 2 Lon,Road Name,Distance (ft)
34.0273404,-118.2765547,34.0271042,-118.2766951,South Figueroa Street,96.1
34.0273404,-118.2765547,34.0267771,-118.2753281,West 27th Street,424.0
34.0273404,-118.2765547,34.0281597,-118.2760241,South Figueroa Street,339.3
34.02549,-118.2915534,34.0250615,-118.2871137,West Jefferson Boulevard,1375.0
34.02549,-118.2915534,34.0247772,-118.2915554,South Vermont Avenue,260.1
34.02549,-118.2915534,34.0263906,-118.2915491,South Vermont Avenue,328.6
34.02549,-118.2915534,34.0255051,-118.293743,West Jefferson Boulevard,662.1
34.0203749,-118.2744303,34.0209921,-118.2757899,West 33rd Street,468.7
34.0203749,-118.2744303,34.0198695,-118.2733171,West 33rd Street,383.8
34.0203749,-118.2744303,34.0210506,-118.273985,South Hill Street,280.9
34.0203749,-118.2744303,34.0196638,-118.2748989,South Hill Street,295.7
34.0162746,-118.2770674,34.0169738,-118.27662,South Hill Street,288.7
34.0162746,-118.2770674,34.0154623,-118.2775922,South Hill Street,336.2
34.0162746,-118.2770674,34.0157624,-118.2759344,West 37th Street,390.2
34.0162746,-118.2770674,34.0168198,-118.2782814,West 37th Street,417.5
34.0111003,-118.2799533,34.0118518,-118.2807451,Unnamed Road,1171.6
34.0111003,-118.2799533,34.0111059,-118.2789125,West Martin Luther King Junior Boulevard,314.7
34.0111003,-118.2799533,34.0110977,-118.2804323,West Martin Luther King Junior Boulevard,144.9
34.0111003,-118.2799533,34.0118678,-118.2799145,South Hill Street,283.3
34.0157624,-118.2759344,34.0152536,-118.2748072,West 37th Street,388.1
34.0157624,-118.2759344,34.0165228,-118.2754708,Broadway,310.8
34.0157624,-118.2759344,34.0149448,-118.2764545,Broadway,337.2
34.0157624,-118.2759344,34.0162746,-118.2770674,West 37th Street,390.2
34.0111059,-118.2789125,34.0111003,-118.2799533,West Martin Luther King Junior Boulevard,314.7
34.0111059,-118.2789125,34.0111089,-118.2783655,West Martin Luther King Junior Boulevard,165.4
34.0111418,-118.2827383,34.0140189,-118.2827882,South Figueroa Street,1049.7
34.0111418,-118.2827383,34.0110814,-118.2872312,West Martin Luther King Junior Boulevard,1359.1
34.0111418,-118.2827383,34.0111237,-118.2820064,West Martin Luther King Junior Boulevard,221.7
34.0237668,-118.2840136,34.0251461,-118.287061,West Jefferson Boulevard,1050.1
34.0237668,-118.2840136,34.0255164,-118.2839646,South Hoover Street,652.2
34.0237668,-118.2840136,34.0236742,-118.2840701,South Hoover Street,37.9
34.0111326,-118.274031,34.011114,-118.2774277,West Martin Luther King Junior Boulevard,1027.2
34.0111326,-118.274031,34.0111391,-118.27284,East Martin Luther King Junior Boulevard,360.2
34.0111326,-118.274031,34.0120626,-118.274034,South Main Street,339.3
34.0148892,-118.2740424,34.0140691,-118.27404,South Main Street,299.2
34.0148892,-118.2740424,34.0164067,-118.2740542,South Main Street,553.6
34.016846,-118.2737777,34.0169801,-118.2742446,West 36th Street,150.0
34.016846,-118.2737777,34.0164067,-118.2740542,South Main Street,180.8
34.016846,-118.2737777,34.017092,-118.2736209,South Main Street,101.5
34.0255152,-118.295905,34.0245372,-118.2959137,Budlong Avenue,356.9
34.0255152,-118.295905,34.0271655,-118.2959192,Budlong Avenue,602.3
34.0255152,-118.295905,34.0255129,-118.2948454,West Jefferson Boulevard,320.4
34.0255152,-118.295905,34.0255152,-118.2970054,West Jefferson Boulevard,332.7
34.0183522,-118.2944346,34.0190242,-118.2944296,South Catalina Street,245.2
34.0183522,-118.2944346,34.0183642,-118.2977196,Exposition Boulevard,993.3
34.0219044,-118.2800026,34.0212019,-118.2804568,South Figueroa Street,290.8
34.0219044,-118.2800026,34.023003,-118.279291,South Figueroa Street,454.9
34.0219044,-118.2800026,34.0213554,-118.2787529,West Jefferson Boulevard,427.7
34.0219044,-118.2800026,34.0222886,-118.2808654,West Jefferson Boulevard,296.1
34.0183476,-118.2915525,34.0181547,-118.2915533,South Vermont Avenue,70.4
34.0183476,-118.2915525,34.0191242,-118.29155,South Vermont Avenue,283.3
34.0183476,-118.2915525,34.0183522,-118.2944346,Exposition Boulevard,871.7
34.0178587,-118.2746093,34.0183103,-118.2757649,West 35th Street,386.4
34.0178587,-118.2746093,34.0169801,-118.2742446,Broadway Place,339.1
34.0178587,-118.2746093,34.0173803,-118.2734378,West 35th Street,394.9
34.0178587,-118.2746093,34.0172646,-118.2749893,Broadway,245.3
34.0178587,-118.2746093,34.0191581,-118.2737797,Broadway,536.3
34.0245305,-118.2768228,34.0250489,-118.2780079,West 30th Street,405.2
34.0245305,-118.2768228,34.0239808,-118.2756341,West 30th Street,412.0
34.0245305,-118.2768228,34.0236085,-118.2773694,South Flower Street,374.8
34.0260271,-118.2758599,34.020337,-118.2786254,Harbor Transitway,2251.9
34.0260271,-118.2758599,34.0252709,-118.2763482,South Flower Street,312.9
34.0260271,-118.2758599,34.0254907,-118.2746765,West 28th Street,407.8
34.0260271,-118.2758599,34.0265529,-118.2770464,West 28th Street,406.8
34.0267771,-118.2753281,34.0260271,-118.2758599,South Flower Street,317.8
34.0267771,-118.2753281,34.0273404,-118.2765547,West 27th Street,424.0
34.0276748,-118.2749528,34.0267771,-118.2753281,South Flower Street,346.6
34.0276748,-118.2749528,34.0272921,-118.2741073,West Adams Boulevard,291.3
34.0276748,-118.2749528,34.0281597,-118.2760241,West Adams Boulevard,369.1
34.0276748,-118.2749528,34.0300658,-118.2747654,Figueroa Way,881.2
34.0301809,-118.2730503,34.0276748,-118.2749528,South Flower Street,1086.8
34.0301809,-118.2730503,34.0307527,-118.2743607,West 23rd Street,447.8
34.0196638,-118.2748989,34.0191581,-118.2737797,West Jefferson Boulevard,385.4
34.0196638,-118.2748989,34.0202487,-118.2762038,West Jefferson Boulevard,448.6
34.0196638,-118.2748989,34.0183103,-118.2757649,South Hill Street,558.9
34.0196638,-118.2748989,34.0203749,-118.2744303,South Hill Street,295.7
34.0191581,-118.2737797,34.0198695,-118.2733171,Broadway,294.8
34.0191581,-118.2737797,34.0178587,-118.2746093,Broadway,536.3
34.0191581,-118.2737797,34.0196638,-118.2748989,West Jefferson Boulevard,385.4
34.0300658,-118.2747654,34.0307527,-118.2743607,South Figueroa Street,279.9
34.0299975,-118.2749428,34.0294421,-118.2752163,South Figueroa Street,219.6
34.0315334,-118.280863,34.0312666,-118.2802529,Saint James Place,208.6
34.0315334,-118.280863,34.0305871,-118.2814791,Scarff Street,392.3
34.0312666,-118.2802529,34.0311488,-118.2799829,Saint James Place,92.3
34.0312666,-118.2802529,34.0315334,-118.280863,Saint James Place,208.6
34.0312666,-118.2802529,34.0322771,-118.279607,Saint James Park,417.5
34.0190242,-118.2944296,34.0190332,-118.2977159,West 37th Drive,993.7
34.0190242,-118.2944296,34.019028,-118.2919687,West 37th Drive,744.1
34.0190242,-118.2944296,34.0183522,-118.2944346,South Catalina Street,245.2
34.0190242,-118.2944296,34.0199597,-118.2944316,South Catalina Street,341.3
34.0190332,-118.2977159,34.0190242,-118.2944296,West 37th Drive,993.7
34.0190332,-118.2977159,34.0183642,-118.2977196,Raymond Avenue,244.1
34.0190332,-118.2977159,34.0199675,-118.2977281,Raymond Avenue,340.9
34.011114,-118.2774277,34.012071,-118.2767966,Broadway Place,397.9
34.011114,-118.2774277,34.0111089,-118.2783655,West Martin Luther King Junior Boulevard,283.6
34.011114,-118.2774277,34.0111326,-118.274031,West Martin Luther King Junior Boulevard,1027.2
34.0111089,-118.2783655,34.0119865,-118.278347,South Broadway,320.2
34.0111089,-118.2783655,34.011114,-118.2774277,West Martin Luther King Junior Boulevard,283.6
34.0111089,-118.2783655,34.0111059,-118.2789125,West Martin Luther King Junior Boulevard,165.4
34.0110913,-118.2815982,34.0111237,-118.2820064,West Martin Luther King Junior Boulevard,124.1
34.0110913,-118.2815982,34.0110977,-118.2804323,West Martin Luther King Junior Boulevard,352.6
34.0110814,-118.2872312,34.0118475,-118.2872504,South Hoover Street,279.5
34.0110814,-118.2872312,34.0111418,-118.2827383,West Martin Luther King Junior Boulevard,1359.1
34.0169801,-118.2742446,34.0178587,-118.2746093,Broadway Place,339.1
34.0169801,-118.2742446,34.0172646,-118.2749893,West 36th Street,248.0
34.0169801,-118.2742446,34.0164067,-118.2740542,Broadway Place,218.0
34.0160607,-118.2742823,34.0164067,-118.2740542,Broadway Place,144.0
34.0160607,-118.2742823,34.0165228,-118.2754708,West 36th Place,397.0
34.0160607,-118.2742823,34.0152536,-118.2748072,Broadway Place,334.5
34.0144261,-118.2753142,34.0152536,-118.2748072,Broadway Place,338.6
34.0144261,-118.2753142,34.0149448,-118.2764545,West 37th Place,393.3
34.0144261,-118.2753142,34.0140478,-118.2755653,Broadway Place,157.5
34.0140478,-118.2755653,34.0136051,-118.2758519,Broadway Place,183.3
34.0140478,-118.2755653,34.0140691,-118.27404,West 37th Place,461.3
34.0140478,-118.2755653,34.0144261,-118.2753142,Broadway Place,157.5
34.0136051,-118.2758519,34.0140478,-118.2755653,Broadway Place,183.3
34.0136051,-118.2758519,34.0141138,-118.2769934,West 38th Street,391.9
34.0136051,-118.2758519,34.0130375,-118.2762005,Broadway Place,232.4
34.0130375,-118.2762005,34.0130873,-118.274037,West 38th Street,654.5
34.0130375,-118.2762005,34.012071,-118.2767966,Broadway Place,396.0
34.0130375,-118.2762005,34.0136051,-118.2758519,Broadway Place,232.4
34.0130873,-118.274037,34.0130375,-118.2762005,West 38th Street,654.5
34.0130873,-118.274037,34.0140691,-118.27404,South Main Street,358.2
34.0130873,-118.274037,34.0120626,-118.274034,South Main Street,373.8
34.0254272,-118.2729547,34.0248703,-118.2733079,South Grand Avenue,229.5
34.0309262,-118.2959152,34.0309217,-118.2969976,West 27th Street,327.3
34.0309262,-118.2959152,34.0304793,-118.2959159,Budlong Avenue,163.0
34.0309217,-118.2969976,34.0309171,-118.2981006,West 27th Street,333.5
34.0309217,-118.2969976,34.0309262,-118.2959152,West 27th Street,327.3
34.0309217,-118.2969976,34.0297019,-118.2969934,Van Buren Place,445.0
34.0309217,-118.2969976,34.0321796,-118.2969992,Van Buren Place,458.9
34.0309171,-118.2981006,34.0309217,-118.2969976,West 27th Street,333.5
34.0309171,-118.2981006,34.0291223,-118.298095,Raymond Avenue,654.8
34.0304902,-118.291558,34.030478,-118.294249,West 27th Street,813.6
34.0304902,-118.291558,34.0295966,-118.2915559,South Vermont Avenue,326.1
34.0304902,-118.291558,34.0315874,-118.2915631,South Vermont Avenue,400.3
34.030478,-118.294249,34.0304793,-118.2959159,West 27th Street,504.0
34.030478,-118.294249,34.0304902,-118.291558,West 27th Street,813.6
34.030478,-118.294249,34.0315851,-118.294256,South Catalina Street,403.9
34.0304793,-118.2959159,34.030478,-118.294249,West 27th Street,504.0
34.0304793,-118.2959159,34.029569,-118.2959172,Budlong Avenue,332.1
34.0304793,-118.2959159,34.0309262,-118.2959152,Budlong Avenue,163.0
34.0154604,-118.2915488,34.0154921,-118.2925073,West 39th Street,291.1
34.0154604,-118.2915488,34.0158978,-118.2915467,South Vermont Avenue,159.6
34.0154604,-118.2915488,34.0141342,-118.2916107,South Vermont Avenue,487.8
34.0154921,-118.2925073,34.0154982,-118.2930854,West 39th Street,174.8
34.0154921,-118.2925073,34.0141376,-118.2925292,Wisconsin Street,495.7
34.0154921,-118.2925073,34.0154604,-118.2915488,West 39th Street,291.1
34.0154982,-118.2930854,34.0154968,-118.2933412,West 39th Street,77.4
34.0154982,-118.2930854,34.0154921,-118.2925073,West 39th Street,174.8
34.0154982,-118.2930854,34.0168301,-118.2930921,Wisconsin Street,485.9
34.0154968,-118.2933412,34.0154982,-118.2930854,West 39th Street,77.4
34.0154968,-118.2933412,34.014134,-118.29335,Wisconsin Place,497.2
34.0154968,-118.2933412,34.0154961,-118.2947907,West 39th Street,438.3
34.0154961,-118.2947907,34.0154974,-118.294906,West 39th Street,34.9
34.0154961,-118.2947907,34.0141374,-118.2947884,Walton Avenue,495.7
34.0154961,-118.2947907,34.0154968,-118.2933412,West 39th Street,438.3
34.0154974,-118.294906,34.0154961,-118.2947907,West 39th Street,34.9
34.0154974,-118.294906,34.0173135,-118.2948991,Walton Avenue,662.5
34.0154974,-118.294906,34.0155036,-118.295897,West 39th Street,299.7
34.0155036,-118.295897,34.0141344,-118.2959172,South Budlong Avenue,500.1
34.0155036,-118.295897,34.0154974,-118.294906,West 39th Street,299.7
34.0155036,-118.295897,34.0164051,-118.2958752,South Budlong Avenue,329.6
34.0125938,-118.2779542,34.0141138,-118.2769934,Broadway,626.0
34.0125938,-118.2779542,34.0119865,-118.278347,Broadway,251.4
34.0125938,-118.2779542,34.0131073,-118.2791137,West 39th Street,397.6
34.0125938,-118.2779542,34.012071,-118.2767966,West 39th Street,398.6
34.0131073,-118.2791137,34.0136286,-118.2803164,West 39th Street,410.5
34.0131073,-118.2791137,34.0146224,-118.2781349,South Hill Street,627.0
34.0131073,-118.2791137,34.0125938,-118.2779542,West 39th Street,397.6
34.0131073,-118.2791137,34.0118678,-118.2799145,South Hill Street,512.9
34.0132224,-118.291509,34.0132218,-118.2916075,Leighton Avenue,29.8
34.0132224,-118.291509,34.0141326,-118.2915063,South Vermont Avenue,332.1
34.0132256,-118.2959245,34.0132218,-118.2916075,Leighton Avenue,1305.5
34.0132256,-118.2959245,34.0120911,-118.2959134,South Budlong Avenue,413.9
34.0132256,-118.2959245,34.0141344,-118.2959172,South Budlong Avenue,331.5
34.014134,-118.29335,34.0141374,-118.2947884,West 39th Place,435.0
34.014134,-118.29335,34.0141376,-118.2925292,West 39th Place,248.2
34.014134,-118.29335,34.0154968,-118.2933412,Wisconsin Place,497.2
34.0273179,-118.297002,34.0255152,-118.2970054,Van Buren Place,657.7
34.0273179,-118.297002,34.0291244,-118.2970119,Van Buren Place,659.1
34.0273179,-118.297002,34.0273164,-118.2980881,West 30th Street,328.4
34.0273179,-118.297002,34.0273194,-118.2959206,West 30th Street,327.0
34.0273164,-118.2980881,34.0255189,-118.2980869,Raymond Avenue,655.8
34.0273164,-118.2980881,34.0291223,-118.298095,Raymond Avenue,658.8
34.0273164,-118.2980881,34.0273179,-118.297002,West 30th Street,328.4
34.0227478,-118.2728666,34.0219213,-118.2734113,South Hill Street,343.6
34.0227478,-118.2728666,34.0229651,-118.2733544,West 30th Street,167.4
34.0229651,-118.2733544,34.0233687,-118.2742603,West 30th Street,311.0
34.0229651,-118.2733544,34.0227478,-118.2728666,West 30th Street,167.4
34.0239808,-118.2756341,34.0254907,-118.2746765,South Hope Street,622.3
34.0239808,-118.2756341,34.0233687,-118.2742603,West 30th Street,471.6
34.0239808,-118.2756341,34.0245305,-118.2768228,West 30th Street,412.0
34.0250489,-118.2780079,34.0257884,-118.2796882,West 30th Street,575.3
34.0250489,-118.2780079,34.0245305,-118.2768228,West 30th Street,405.2
34.0250489,-118.2780079,34.0257995,-118.2775312,South Figueroa Street,309.5
34.0250489,-118.2780079,34.0241479,-118.2785786,South Figueroa Street,371.2
34.027399,-118.2839787,34.028386,-118.2839685,South Hoover Street,360.1
34.027399,-118.2839787,34.0255164,-118.2839646,South Hoover Street,686.9
34.027399,-118.2839787,34.0274057,-118.2849862,West 30th Street,304.6
34.027399,-118.2839787,34.0266861,-118.2817844,West 30th Street,723.9
34.0274057,-118.2849862,34.0274278,-118.2861757,West 30th Street,367.4
34.0274057,-118.2849862,34.0271193,-118.2857663,McClintock Avenue,278.2
34.0274057,-118.2849862,34.027399,-118.2839787,West 30th Street,304.6
34.0274328,-118.2882375,34.0255479,-118.2882466,Orchard Avenue,687.8
34.0274328,-118.2882375,34.028393,-118.2882305,Orchard Avenue,350.3
34.0274328,-118.2882375,34.0274334,-118.2915591,West 30th Street,1004.3
34.0274328,-118.2882375,34.0274278,-118.2861757,West 30th Street,623.4
34.027173,-118.2937357,34.0271706,-118.294828,West 30th Street,330.3
34.027173,-118.2937357,34.0268778,-118.2937337,South Catalina Street,107.7
34.027173,-118.2937357,34.0277744,-118.2937341,South Catalina Street,219.4
34.0271706,-118.294828,34.0271655,-118.2959192,West 30th Street,329.9
34.0271706,-118.294828,34.027173,-118.2937357,West 30th Street,330.3
34.0271706,-118.294828,34.0255129,-118.2948454,Walton Avenue,605.0
34.0271706,-118.294828,34.0286572,-118.2948204,Walton Avenue,542.3
34.0271655,-118.2959192,34.0273194,-118.2959206,Budlong Avenue,56.1
34.0271655,-118.2959192,34.0271706,-118.294828,West 30th Street,329.9
34.0271655,-118.2959192,34.0255152,-118.295905,Budlong Avenue,602.3
34.0277744,-118.2937341,34.0277678,-118.2915609,West 30th Street,657.1
34.0277744,-118.2937341,34.027173,-118.2937357,South Catalina Street,219.4
34.0277744,-118.2937341,34.0286605,-118.293735,South Catalina Street,323.3
34.0319473,-118.2766985,34.0323408,-118.2775943,West 23rd Street,306.5
34.0319473,-118.2766985,34.0310851,-118.2749725,West 23rd Street,612.2
34.0220363,-118.2944101,34.0220736,-118.2938304,West 36th Place,175.8
34.0220363,-118.2944101,34.0209646,-118.2944339,South Catalina Avenue,391.6
34.0220363,-118.2944101,34.0219465,-118.2959543,West 36th Place,468.1
34.0209646,-118.2944339,34.0220363,-118.2944101,South Catalina Avenue,391.6
34.0209646,-118.2944339,34.0209699,-118.2977342,West 37th Street,997.9
34.0209646,-118.2944339,34.0209628,-118.292165,West 37th Street,686.1
34.0209646,-118.2944339,34.0199597,-118.2944316,South Catalina Street,366.6
34.0260891,-118.2773482,34.0277432,-118.2810824,West 28th Street,1280.2
34.0260891,-118.2773482,34.0257995,-118.2775312,South Figueroa Street,119.3
34.0260891,-118.2773482,34.0265529,-118.2770464,South Figueroa Street,192.3
34.0277432,-118.2810824,34.028245,-118.2822152,West 28th Street,388.3
34.0277432,-118.2810824,34.0260891,-118.2773482,West 28th Street,1280.2
34.0277432,-118.2810824,34.0266861,-118.2817844,University Avenue,440.7
34.0277432,-118.2810824,34.0271042,-118.2766951,"['University Avenue', 'West 27th Street']",1687.5
34.0289489,-118.283965,34.0287921,-118.2834459,West 28th Street,170.7
34.0289489,-118.283965,34.0293511,-118.2839647,South Hoover Street,146.7
34.0289489,-118.283965,34.028386,-118.2839685,South Hoover Street,205.4
34.029569,-118.2959172,34.0291265,-118.295917,Budlong Avenue,161.4
34.029569,-118.2959172,34.0295966,-118.2915559,West 28th Street,1318.6
34.029569,-118.2959172,34.0304793,-118.2959159,Budlong Avenue,332.1
34.0230804,-118.2938385,34.0241553,-118.2938238,South Catalina Street,392.2
34.0230804,-118.2938385,34.0228946,-118.2959452,West 36th Street,640.6
34.0230804,-118.2938385,34.0231119,-118.291561,West 36th Street,689.4
34.0230804,-118.2938385,34.0220736,-118.2938304,South Catalina Street,367.3
34.0228946,-118.2959452,34.0219465,-118.2959543,Budlong Avenue,345.9
34.0228946,-118.2959452,34.0236835,-118.2959308,Budlong Avenue,287.8
34.0228946,-118.2959452,34.0230804,-118.2938385,West 36th Street,640.6
34.0172646,-118.2749893,34.0169801,-118.2742446,West 36th Street,248.0
34.0172646,-118.2749893,34.0178587,-118.2746093,Broadway,245.3
34.0172646,-118.2749893,34.0165228,-118.2754708,Broadway,307.3
34.0236905,-118.298081,34.0245622,-118.2980834,Raymond Avenue,318.1
34.0236905,-118.298081,34.0236835,-118.2959308,West 35th Place,650.1
34.0252709,-118.2763482,34.0257995,-118.2775312,West 29th Street,406.4
34.0252709,-118.2763482,34.0245305,-118.2768228,South Flower Street,305.9
34.0236085,-118.2773694,34.0224565,-118.278095,South Flower Street,474.1
34.0236085,-118.2773694,34.0241479,-118.2785786,West 31st Street,415.2
34.0118399,-118.272842,34.0111391,-118.27284,Woodlawn Avenue,255.7
34.0111391,-118.27284,34.0118399,-118.272842,Woodlawn Avenue,255.7
34.0111391,-118.27284,34.0111326,-118.274031,East Martin Luther King Junior Boulevard,360.2
34.0181906,-118.2958637,34.0173131,-118.2958644,Budlong Avenue,320.1
34.0181906,-118.2958637,34.0181727,-118.2930944,Exposition Boulevard,837.4
34.0173131,-118.2958644,34.0181906,-118.2958637,Budlong Avenue,320.1
34.0173131,-118.2958644,34.0173135,-118.2948991,West 38th Street,291.9
34.0173131,-118.2958644,34.0164051,-118.2958752,South Budlong Avenue,331.3
34.0291265,-118.295917,34.0286532,-118.2959186,Budlong Avenue,172.7
34.0291265,-118.295917,34.029569,-118.2959172,Budlong Avenue,161.4
34.0291265,-118.295917,34.0291244,-118.2970119,West 29th Street,331.0
34.0286532,-118.2959186,34.0291265,-118.295917,Budlong Avenue,172.7
34.0286532,-118.2959186,34.0273194,-118.2959206,Budlong Avenue,486.6
34.0286532,-118.2959186,34.0286572,-118.2948204,West 29th Street,332.0
34.0219465,-118.2959543,34.0228946,-118.2959452,Budlong Avenue,345.9
34.0219465,-118.2959543,34.0220363,-118.2944101,West 36th Place,468.1
34.0219465,-118.2959543,34.0218792,-118.2977289,West 36th Place,537.3
34.0178453,-118.2731472,34.0173803,-118.2734378,South Main Street,191.0
34.0141326,-118.2915063,34.0141342,-118.2916107,West 39th Place,31.6
34.0141326,-118.2915063,34.0154604,-118.2915488,South Vermont Avenue,486.6
34.0141376,-118.2925292,34.014134,-118.29335,West 39th Place,248.2
34.0141376,-118.2925292,34.0141342,-118.2916107,West 39th Place,277.8
34.0141376,-118.2925292,34.0154921,-118.2925073,Wisconsin Street,495.7
34.0141374,-118.2947884,34.014134,-118.29335,West 39th Place,435.0
34.0141374,-118.2947884,34.0141344,-118.2959172,West 39th Place,341.3
34.0141374,-118.2947884,34.0154961,-118.2947907,Walton Avenue,495.7
34.0141344,-118.2959172,34.0141374,-118.2947884,West 39th Place,341.3
34.0141344,-118.2959172,34.0132256,-118.2959245,South Budlong Avenue,331.5
34.0141344,-118.2959172,34.0155036,-118.295897,South Budlong Avenue,500.1
34.0120911,-118.2959134,34.0132256,-118.2959245,South Budlong Avenue,413.9
34.0120911,-118.2959134,34.012091,-118.291613,Browning Boulevard,1300.4
34.0268778,-118.2937337,34.0268814,-118.2915504,West 30th Place,660.1
34.0268778,-118.2937337,34.0255051,-118.293743,South Catalina Street,500.8
34.0268778,-118.2937337,34.027173,-118.2937357,South Catalina Street,107.7
34.0181349,-118.290131,34.0154418,-118.2901351,Bill Robertson Lane,982.5
34.0181349,-118.290131,34.0183317,-118.2901341,Bill Robertson Lane,71.8
34.0181349,-118.290131,34.0181535,-118.2829919,Exposition Boulevard,2158.8
34.0181547,-118.2915533,34.0176168,-118.2915601,South Vermont Avenue,196.3
34.0181547,-118.2915533,34.0183476,-118.2915525,South Vermont Avenue,70.4
34.0181547,-118.2915533,34.0181349,-118.290131,Exposition Boulevard,430.2
34.0181727,-118.2930944,34.0173122,-118.2930905,Wisconsin Street,313.9
34.0181727,-118.2930944,34.0181547,-118.2915533,Exposition Boulevard,466.1
34.0181797,-118.2977198,34.0181906,-118.2958637,Exposition Boulevard,561.3
34.0181797,-118.2977198,34.0183642,-118.2977196,Raymond Avenue,67.3
34.0183642,-118.2977196,34.0190332,-118.2977159,Raymond Avenue,244.1
34.0183642,-118.2977196,34.0181797,-118.2977198,Raymond Avenue,67.3
34.0173803,-118.2734378,34.0178453,-118.2731472,South Main Street,191.0
34.0173803,-118.2734378,34.017092,-118.2736209,South Main Street,118.9
34.0173803,-118.2734378,34.0178587,-118.2746093,West 35th Street,394.9
34.017092,-118.2736209,34.0173803,-118.2734378,South Main Street,118.9
34.017092,-118.2736209,34.016846,-118.2737777,South Main Street,101.5
34.0140691,-118.27404,34.0148892,-118.2740424,South Main Street,299.2
34.0140691,-118.27404,34.0140478,-118.2755653,West 37th Place,461.3
34.0140691,-118.27404,34.0130873,-118.274037,South Main Street,358.2
34.028686,-118.2915568,34.0286605,-118.293735,West 29th Street,658.6
34.028686,-118.2915568,34.0283924,-118.2915603,South Vermont Avenue,107.1
34.028686,-118.2915568,34.0295966,-118.2915559,South Vermont Avenue,332.2
34.0283924,-118.2915603,34.0283937,-118.290337,West 29th Street,369.9
34.0283924,-118.2915603,34.0277678,-118.2915609,South Vermont Avenue,227.9
34.0283924,-118.2915603,34.028686,-118.2915568,South Vermont Avenue,107.1
34.0263906,-118.2915491,34.0268814,-118.2915504,South Vermont Avenue,179.1
34.0263906,-118.2915491,34.0263933,-118.2927392,31st Street,359.8
34.0263906,-118.2915491,34.02549,-118.2915534,South Vermont Avenue,328.6
34.0199617,-118.2915575,34.0199597,-118.2944316,West 37th Place,869.1
34.0199617,-118.2915575,34.0213701,-118.2915572,South Vermont Avenue,525.4
34.0199617,-118.2915575,34.019633,-118.2915621,South Vermont Avenue,119.9
34.0120913,-118.2915047,34.012091,-118.291613,Browning Boulevard,32.8
34.0120913,-118.2915047,34.0132224,-118.291509,South Vermont Avenue,412.6
34.0315751,-118.2738295,34.0321166,-118.2734905,South Figueroa Street,222.6
34.0315751,-118.2738295,34.0307527,-118.2743607,South Figueroa Street,340.4
34.0118475,-118.2872504,34.0110814,-118.2872312,South Hoover Street,279.5
34.0118475,-118.2872504,34.0137084,-118.2854562,South Coliseum Drive,939.2
34.0118475,-118.2872504,34.0118497,-118.2883833,South Park Drive,342.6
34.0291244,-118.2970119,34.0291223,-118.298095,West 29th Street,327.5
34.0291244,-118.2970119,34.0291265,-118.295917,West 29th Street,331.0
34.0291244,-118.2970119,34.0273179,-118.297002,Van Buren Place,659.1
34.0291223,-118.298095,34.0291244,-118.2970119,West 29th Street,327.5
34.0291223,-118.298095,34.0273164,-118.2980881,Raymond Avenue,658.8
34.0291223,-118.298095,34.0309171,-118.2981006,Raymond Avenue,654.8
34.0257995,-118.2775312,34.0252709,-118.2763482,West 29th Street,406.4
34.0257995,-118.2775312,34.0260891,-118.2773482,South Figueroa Street,119.3
34.0257995,-118.2775312,34.0250489,-118.2780079,South Figueroa Street,309.5
34.028393,-118.2882305,34.0283967,-118.2888526,West 29th Street,188.1
34.028393,-118.2882305,34.0283978,-118.287451,West 29th Street,235.7
34.028393,-118.2882305,34.0274328,-118.2882375,Orchard Avenue,350.3
34.0286605,-118.293735,34.0277744,-118.2937341,South Catalina Street,323.3
34.0286605,-118.293735,34.0286572,-118.2948204,West 29th Street,328.2
34.0286605,-118.293735,34.028686,-118.2915568,West 29th Street,658.6
34.0286572,-118.2948204,34.0271706,-118.294828,Walton Avenue,542.3
34.0286572,-118.2948204,34.0291023,-118.2948208,Walton Avenue,162.4
34.0286572,-118.2948204,34.0286532,-118.2959186,West 29th Street,332.0
34.0286572,-118.2948204,34.0286605,-118.293735,West 29th Street,328.2
34.0118524,-118.2901303,34.0118497,-118.2883833,South Park Drive,528.3
34.0118524,-118.2901303,34.0154418,-118.2901351,Bill Robertson Lane,1309.5
34.0326021,-118.2826186,34.0314351,-118.2833754,Toberman Street,483.3
34.0143811,-118.2854371,34.0154418,-118.2901351,Exposition Park Drive,1600.8
34.0143811,-118.2854371,34.0137084,-118.2854562,Exposition Park Drive,246.2
34.0209628,-118.292165,34.0209646,-118.2944339,West 37th Street,686.1
34.0209699,-118.2977342,34.0209646,-118.2944339,West 37th Street,997.9
34.0209699,-118.2977342,34.0199675,-118.2977281,Raymond Avenue,365.7
34.0209699,-118.2977342,34.0218792,-118.2977289,Raymond Avenue,331.7
34.0218792,-118.2977289,34.0209699,-118.2977342,Raymond Avenue,331.7
34.0218792,-118.2977289,34.0219465,-118.2959543,West 36th Place,537.3
34.0322478,-118.2733993,34.0321166,-118.2734905,South Figueroa Street,55.2
34.0321166,-118.2734905,34.0322478,-118.2733993,South Figueroa Street,55.2
34.0321166,-118.2734905,34.0324046,-118.2741891,West 21st Street,236.2
34.0321166,-118.2734905,34.0315751,-118.2738295,South Figueroa Street,222.6
34.0281597,-118.2760241,34.0301666,-118.2805426,West Adams Boulevard,1550.1
34.0281597,-118.2760241,34.0276748,-118.2749528,West Adams Boulevard,369.1
34.0281597,-118.2760241,34.0273404,-118.2765547,South Figueroa Street,339.3
34.0281597,-118.2760241,34.0294421,-118.2752163,South Figueroa Street,527.8
34.0235169,-118.2789765,34.023003,-118.279291,South Figueroa Street,210.2
34.0235169,-118.2789765,34.0242511,-118.2806546,West 32nd Street,573.8
34.0235169,-118.2789765,34.0241479,-118.2785786,South Figueroa Street,259.7
34.0212019,-118.2804568,34.0219044,-118.2800026,South Figueroa Street,290.8
34.0212019,-118.2804568,34.0204134,-118.2809696,South Figueroa Street,336.5
34.0219213,-118.2734113,34.0225345,-118.2747972,West 31st Street,475.0
34.0219213,-118.2734113,34.0227478,-118.2728666,South Hill Street,343.6
34.0219213,-118.2734113,34.0210506,-118.273985,South Hill Street,361.9
34.0183103,-118.2757649,34.0169738,-118.27662,South Hill Street,551.9
34.0183103,-118.2757649,34.0178587,-118.2746093,West 35th Street,386.4
34.0183103,-118.2757649,34.0196638,-118.2748989,South Hill Street,558.9
34.0146224,-118.2781349,34.0151595,-118.2793402,West 38th Street,413.8
34.0146224,-118.2781349,34.0141138,-118.2769934,West 38th Street,391.9
34.0146224,-118.2781349,34.0131073,-118.2791137,South Hill Street,627.0
34.0146224,-118.2781349,34.0154623,-118.2775922,South Hill Street,347.6
34.0219815,-118.2770062,34.0208945,-118.2776687,South Hope Street,445.2
34.0219815,-118.2770062,34.0224634,-118.274843,"['South Hope Street', 'West 31st Street']",1002.7
34.0219815,-118.2770062,34.0213336,-118.2755701,West 33rd Street,494.4
34.0198695,-118.2733171,34.0203749,-118.2744303,West 33rd Street,383.8
34.0198695,-118.2733171,34.0191581,-118.2737797,Broadway,294.8
34.0198695,-118.2733171,34.0205513,-118.2728845,Broadway,281.0
34.0202487,-118.2762038,34.0208481,-118.277558,West Jefferson Boulevard,464.2
34.0202487,-118.2762038,34.0196638,-118.2748989,West Jefferson Boulevard,448.6
34.0202487,-118.2762038,34.0209921,-118.2757899,South Grand Avenue,300.2
34.0202487,-118.2762038,34.0186793,-118.2771007,South Grand Avenue,637.2
34.0151595,-118.2793402,34.0154677,-118.2801415,West 38th Street,268.9
34.0151595,-118.2793402,34.0146224,-118.2781349,West 38th Street,413.8
34.0151595,-118.2793402,34.0165885,-118.2784289,South Grand Avenue,589.7
34.0151595,-118.2793402,34.0136286,-118.2803164,South Grand Avenue,631.7
34.0208481,-118.277558,34.0208945,-118.2776687,West Jefferson Boulevard,37.5
34.0208481,-118.277558,34.0202487,-118.2762038,West Jefferson Boulevard,464.2
34.0208481,-118.277558,34.0193072,-118.2784968,South Hope Street,629.7
34.0193072,-118.2784968,34.0186793,-118.2771007,West 35th Street,480.3
34.0193072,-118.2784968,34.0208481,-118.277558,South Hope Street,629.7
34.0180745,-118.2787504,34.0184237,-118.2806427,Exposition Boulevard,663.8
34.0180745,-118.2787504,34.0185619,-118.278809,South Hope Street,184.7
34.0270755,-118.2736289,34.0272921,-118.2741073,West Adams Boulevard,164.8
34.0270755,-118.2736289,34.0279909,-118.2730463,South Hope Street,377.6
34.0208945,-118.2776687,34.0208481,-118.277558,West Jefferson Boulevard,37.5
34.0208945,-118.2776687,34.0219815,-118.2770062,South Hope Street,445.2
34.0208945,-118.2776687,34.0213554,-118.2787529,West Jefferson Boulevard,368.5
34.0297019,-118.2969934,34.0309217,-118.2969976,Van Buren Place,445.0
34.0247538,-118.281786,34.0262914,-118.2808153,Royal Street,633.1
34.0247538,-118.281786,34.0242511,-118.2806546,West 32nd Street,388.3
34.0247538,-118.281786,34.0255164,-118.2839646,West 32nd Street,726.0
34.0255189,-118.2980869,34.0245622,-118.2980834,Raymond Avenue,349.0
34.0255189,-118.2980869,34.0273164,-118.2980881,Raymond Avenue,655.8
34.0255189,-118.2980869,34.0255152,-118.2970054,West Jefferson Boulevard,327.0
34.0317181,-118.2839972,34.0302921,-118.2839955,South Hoover Street,520.3
34.0317181,-118.2839972,34.0321163,-118.2849356,West Adams Boulevard,318.8
34.0317181,-118.2839972,34.0314351,-118.2833754,West Adams Boulevard,214.5
34.0322771,-118.279607,34.0312666,-118.2802529,Saint James Park,417.5
34.0141138,-118.2769934,34.0146224,-118.2781349,West 38th Street,391.9
34.0141138,-118.2769934,34.0136051,-118.2758519,West 38th Street,391.9
34.0141138,-118.2769934,34.0149448,-118.2764545,Broadway,344.2
34.0141138,-118.2769934,34.0125938,-118.2779542,Broadway,626.0
34.0173122,-118.2930905,34.0168301,-118.2930921,Wisconsin Street,175.9
34.0173122,-118.2930905,34.0173135,-118.2948991,West 38th Street,546.9
34.0173122,-118.2930905,34.0181727,-118.2930944,Wisconsin Street,313.9
34.0173135,-118.2948991,34.0173131,-118.2958644,West 38th Street,291.9
34.0173135,-118.2948991,34.0173122,-118.2930905,West 38th Street,546.9
34.0173135,-118.2948991,34.0154974,-118.294906,Walton Avenue,662.5
34.0168301,-118.2930921,34.0173122,-118.2930905,Wisconsin Street,175.9
34.0168301,-118.2930921,34.0168289,-118.2916134,West 38th Street,447.1
34.0168301,-118.2930921,34.0154982,-118.2930854,Wisconsin Street,485.9
34.0199597,-118.2944316,34.0199675,-118.2977281,West 37th Place,996.8
34.0199597,-118.2944316,34.0199617,-118.2915575,West 37th Place,869.1
34.0199597,-118.2944316,34.0190242,-118.2944296,South Catalina Street,341.3
34.0199597,-118.2944316,34.0209646,-118.2944339,South Catalina Street,366.6
34.0199675,-118.2977281,34.0199597,-118.2944316,West 37th Place,996.8
34.0199675,-118.2977281,34.0190332,-118.2977159,Raymond Avenue,340.9
34.0199675,-118.2977281,34.0209699,-118.2977342,Raymond Avenue,365.7
34.0315851,-118.294256,34.030478,-118.294249,South Catalina Street,403.9
34.0315851,-118.294256,34.0315874,-118.2915631,Dana Street,814.1
34.0241553,-118.2938238,34.024154,-118.2948595,West 35th Street,313.2
34.0241553,-118.2938238,34.0241784,-118.2924588,West 35th Street,414.2
34.0241553,-118.2938238,34.0230804,-118.2938385,South Catalina Street,392.2
34.0241553,-118.2938238,34.0255051,-118.293743,South Catalina Street,493.0
34.0241784,-118.2924588,34.0241553,-118.2938238,West 35th Street,414.2
34.024154,-118.2948595,34.0241547,-118.2959085,West 35th Street,317.2
34.024154,-118.2948595,34.0241553,-118.2938238,West 35th Street,313.2
34.024154,-118.2948595,34.0255129,-118.2948454,Walton Avenue,496.3
34.0137084,-118.2854562,34.0118475,-118.2872504,South Coliseum Drive,939.2
34.0110977,-118.2804323,34.0110913,-118.2815982,West Martin Luther King Junior Boulevard,352.6
34.0110977,-118.2804323,34.0111003,-118.2799533,West Martin Luther King Junior Boulevard,144.9
34.0175842,-118.2826952,34.0171146,-118.28164,37th Place,362.2
34.0175842,-118.2826952,34.0178126,-118.2826409,South Figueroa Street,86.1
34.0168198,-118.2782814,34.0186793,-118.2771007,South Grand Avenue,766.6
34.0168198,-118.2782814,34.0165885,-118.2784289,South Grand Avenue,95.4
34.0168198,-118.2782814,34.0162746,-118.2770674,West 37th Street,417.5
34.0168198,-118.2782814,34.017066,-118.2793886,West 37th Street,348.7
34.0178208,-118.2810919,34.0171146,-118.28164,South Flower Street,306.4
34.0178208,-118.2810919,34.0176763,-118.2807601,West 37th Street,113.5
34.017066,-118.2793886,34.0168198,-118.2782814,West 37th Street,348.7
34.017066,-118.2793886,34.0180745,-118.2787504,South Hope Street,415.5
34.017066,-118.2793886,34.0165885,-118.2784289,West 37th Street,338.5
34.0218446,-118.277911,34.0184237,-118.2806427,Unnamed Road,1519.3
34.0218446,-118.277911,34.0180716,-118.2802731,Harbor Freeway,1551.6
34.0184237,-118.2806427,34.0178208,-118.2810919,South Flower Street,258.5
34.0184237,-118.2806427,34.0183751,-118.2822537,Exposition Boulevard,487.6
34.0176763,-118.2807601,34.017066,-118.2793886,West 37th Street,470.7
34.0180716,-118.2802731,34.0170936,-118.2805703,Unnamed Road,369.0
34.0180716,-118.2802731,34.0137383,-118.281277,Harbor Freeway,1623.8
34.0137383,-118.281277,34.0110913,-118.2815982,Unnamed Road,975.2
34.0156816,-118.2804847,34.0218191,-118.2773745,Harbor Freeway,2440.1
34.0238442,-118.276362,34.0272921,-118.2741073,Unnamed Road,1441.5
34.0238442,-118.276362,34.0320901,-118.2744793,Harbor Freeway,3135.3
34.0139805,-118.2815754,34.0125725,-118.2816964,Flower Drive,519.0
34.0139805,-118.2815754,34.0157486,-118.2827774,"['West 38th Street', 'Flower Drive']",1000.8
34.0139805,-118.2815754,34.0140189,-118.2827882,West 39th Street,368.2
34.0139805,-118.2815754,34.0138286,-118.2809772,West 39th Street,189.4
34.0154677,-118.2801415,34.0151595,-118.2793402,West 38th Street,268.9
34.0254907,-118.2746765,34.0239808,-118.2756341,South Hope Street,622.3
34.0254907,-118.2746765,34.0248703,-118.2733079,West 28th Street,471.7
34.0254907,-118.2746765,34.0260271,-118.2758599,West 28th Street,407.8
34.0154418,-118.2901351,34.0181349,-118.290131,Bill Robertson Lane,982.5
34.0154418,-118.2901351,34.0118524,-118.2901303,Bill Robertson Lane,1309.5
34.0181764,-118.2823876,34.0183751,-118.2822537,South Figueroa Street,83.0
34.0181764,-118.2823876,34.0178208,-118.2810919,West 37th Street,422.4
34.0181764,-118.2823876,34.0178126,-118.2826409,South Figueroa Street,153.2
34.0183751,-118.2822537,34.0181764,-118.2823876,South Figueroa Street,83.0
34.0183751,-118.2822537,34.0192858,-118.2816845,South Figueroa Street,374.2
34.0183751,-118.2822537,34.0183317,-118.2901341,Exposition Boulevard,2383.9
34.0125725,-118.2816964,34.0139805,-118.2815754,Flower Drive,519.0
34.0111237,-118.2820064,34.0110913,-118.2815982,West Martin Luther King Junior Boulevard,124.1
34.0111237,-118.2820064,34.0111418,-118.2827383,West Martin Luther King Junior Boulevard,221.7
34.0111237,-118.2820064,34.0116052,-118.2816899,Flower Drive,200.6
34.0118518,-118.2807451,34.0138773,-118.280675,Harbor Freeway,739.2
34.0170936,-118.2805703,34.0141468,-118.2811404,Harbor Transitway,1092.0
34.0131426,-118.2808343,34.0199937,-118.2787475,Harbor Transitway,2626.6
34.0131426,-118.2808343,34.0144362,-118.2807827,Harbor Transitway,472.2
34.0220568,-118.2915579,34.0213701,-118.2915572,South Vermont Avenue,250.5
34.0220568,-118.2915579,34.0231119,-118.291561,South Vermont Avenue,384.9
34.0220568,-118.2915579,34.0220736,-118.2938304,West 36th Place,688.1
34.0132964,-118.2804815,34.0136286,-118.2803164,South Grand Avenue,131.4
34.019028,-118.2919687,34.0190242,-118.2944296,West 37th Drive,744.1
34.0140189,-118.2827882,34.0157486,-118.2827774,South Figueroa Street,631.2
34.0140189,-118.2827882,34.0139805,-118.2815754,West 39th Street,368.2
34.0140189,-118.2827882,34.0111418,-118.2827383,South Figueroa Street,1049.7
34.0222886,-118.2808654,34.0219044,-118.2800026,West Jefferson Boulevard,296.1
34.0222886,-118.2808654,34.0230161,-118.2823196,West Jefferson Boulevard,518.2
34.0199937,-118.2787475,34.0272921,-118.2741073,Harbor Transitway,3019.0
34.020337,-118.2786254,34.0170936,-118.2805703,Harbor Transitway,1324.7
34.020337,-118.2786254,34.0141468,-118.2811404,Harbor Transitway,2402.3
34.0144362,-118.2807827,34.0156816,-118.2804847,Unnamed Road,467.2
34.0144362,-118.2807827,34.0199937,-118.2787475,Harbor Transitway,2135.4
34.0178126,-118.2826409,34.0181764,-118.2823876,South Figueroa Street,153.2
34.0178126,-118.2826409,34.0174972,-118.2828224,South Figueroa Street,132.8
34.0218191,-118.2773745,34.0238442,-118.276362,Harbor Freeway,799.8
34.0311617,-118.2746045,34.0218446,-118.277911,Harbor Freeway,3625.5
34.0272921,-118.2741073,34.0270755,-118.2736289,West Adams Boulevard,164.8
34.0272921,-118.2741073,34.0276748,-118.2749528,West Adams Boulevard,291.3
34.0310851,-118.2749725,34.0299975,-118.2749428,Figueroa Way,396.9
34.0310851,-118.2749725,34.0319473,-118.2766985,West 23rd Street,612.2
34.0310851,-118.2749725,34.0307527,-118.2743607,West 23rd Street,221.5
34.0164067,-118.2740542,34.0160607,-118.2742823,Broadway Place,144.0
34.0164067,-118.2740542,34.016846,-118.2737777,South Main Street,180.8
34.0164067,-118.2740542,34.0148892,-118.2740424,South Main Street,553.6
34.0164067,-118.2740542,34.0169801,-118.2742446,Broadway Place,218.0
34.0120626,-118.274034,34.012071,-118.2767966,West 39th Street,836.4
34.0120626,-118.274034,34.0130873,-118.274037,South Main Street,373.8
34.0120626,-118.274034,34.0111326,-118.274031,South Main Street,339.3
34.0157486,-118.2827774,34.0139805,-118.2815754,"['West 38th Street', 'Flower Drive']",1000.8
34.0157486,-118.2827774,34.0160548,-118.2825121,South Flower Street,137.5
34.0157486,-118.2827774,34.0140189,-118.2827882,South Figueroa Street,631.2
34.0157486,-118.2827774,34.0161573,-118.2827847,South Figueroa Street,149.1
34.0204134,-118.2809696,34.0200302,-118.2812043,South Figueroa Street,156.8
34.0204134,-118.2809696,34.0212019,-118.2804568,South Figueroa Street,334.2
34.0154623,-118.2775922,34.0149448,-118.2764545,West 37th Place,392.4
34.0154623,-118.2775922,34.0146224,-118.2781349,South Hill Street,347.6
34.0154623,-118.2775922,34.0162746,-118.2770674,South Hill Street,336.2
34.0149448,-118.2764545,34.0154623,-118.2775922,West 37th Place,392.4
34.0149448,-118.2764545,34.0144261,-118.2753142,West 37th Place,393.3
34.0149448,-118.2764545,34.0141138,-118.2769934,Broadway,344.2
34.0149448,-118.2764545,34.0157624,-118.2759344,Broadway,337.2
34.0183317,-118.2901341,34.0183476,-118.2915525,Exposition Boulevard,429.0
34.0183317,-118.2901341,34.0181349,-118.290131,Bill Robertson Lane,71.8
34.0165228,-118.2754708,34.0160607,-118.2742823,West 36th Place,397.0
34.0165228,-118.2754708,34.0157624,-118.2759344,Broadway,310.8
34.0165228,-118.2754708,34.0172646,-118.2749893,Broadway,307.3
34.0165228,-118.2754708,34.0169738,-118.27662,West 36th Place,384.5
34.0119865,-118.278347,34.0111059,-118.2789125,Broadway,364.0
34.0119865,-118.278347,34.0125938,-118.2779542,Broadway,251.4
34.0119865,-118.278347,34.0111089,-118.2783655,South Broadway,320.2
34.0169738,-118.27662,34.0183103,-118.2757649,South Hill Street,551.9
34.0169738,-118.27662,34.0162746,-118.2770674,South Hill Street,288.7
34.0169738,-118.27662,34.0165228,-118.2754708,West 36th Place,384.5
34.0152536,-118.2748072,34.0144261,-118.2753142,Broadway Place,338.6
34.0152536,-118.2748072,34.0157624,-118.2759344,West 37th Street,388.1
34.0152536,-118.2748072,34.0160607,-118.2742823,Broadway Place,334.5
34.012071,-118.2767966,34.0120626,-118.274034,West 39th Street,836.4
34.012071,-118.2767966,34.0130375,-118.2762005,Broadway Place,396.0
34.012071,-118.2767966,34.0125938,-118.2779542,West 39th Street,398.6
34.012071,-118.2767966,34.011114,-118.2774277,Broadway Place,397.9
34.0233687,-118.2742603,34.0247125,-118.273408,South Grand Avenue,553.8
34.0233687,-118.2742603,34.0225345,-118.2747972,South Grand Avenue,344.9
34.0233687,-118.2742603,34.0239808,-118.2756341,West 30th Street,471.6
34.0233687,-118.2742603,34.0229651,-118.2733544,West 30th Street,311.0
34.0210506,-118.273985,34.0216802,-118.275347,West 32nd Street,471.5
34.0210506,-118.273985,34.0205513,-118.2728845,West 32nd Street,379.4
34.0210506,-118.273985,34.0219213,-118.2734113,South Hill Street,361.9
34.0210506,-118.273985,34.0203749,-118.2744303,South Hill Street,280.9
34.0205513,-118.2728845,34.0210506,-118.273985,West 32nd Street,379.4
34.0205513,-118.2728845,34.0198695,-118.2733171,Broadway,281.0
34.0273194,-118.2959206,34.0271655,-118.2959192,Budlong Avenue,56.1
34.0273194,-118.2959206,34.0273179,-118.297002,West 30th Street,327.0
34.0273194,-118.2959206,34.0286532,-118.2959186,Budlong Avenue,486.6
34.0294421,-118.2752163,34.0300658,-118.2747654,South Figueroa Street,266.1
34.0294421,-118.2752163,34.0281597,-118.2760241,South Figueroa Street,527.8
34.0307527,-118.2743607,34.0315751,-118.2738295,South Figueroa Street,340.4
34.0307527,-118.2743607,34.0299975,-118.2749428,South Figueroa Street,332.6
34.0307527,-118.2743607,34.0310851,-118.2749725,West 23rd Street,221.5
34.0307527,-118.2743607,34.0301809,-118.2730503,West 23rd Street,447.8
34.0185619,-118.278809,34.0218191,-118.2773745,Unnamed Road,1280.1
34.0185619,-118.278809,34.0193072,-118.2784968,South Hope Street,293.6
34.0138286,-118.2809772,34.0139805,-118.2815754,West 39th Street,189.4
34.0138286,-118.2809772,34.0136286,-118.2803164,West 39th Street,212.9
34.0118678,-118.2799145,34.0110977,-118.2804323,Unnamed Road,323.3
34.0118678,-118.2799145,34.0111003,-118.2799533,South Hill Street,283.3
34.0118678,-118.2799145,34.0131073,-118.2791137,South Hill Street,512.9
34.017304,-118.282788,34.0175842,-118.2826952,South Figueroa Street,107.2
34.017304,-118.282788,34.0161573,-118.2827847,South Figueroa Street,418.4
34.0181535,-118.2829919,34.0174972,-118.2828224,Unnamed Road,257.3
34.0181535,-118.2829919,34.0181764,-118.2823876,Exposition Boulevard,182.9
34.0213554,-118.2787529,34.0208945,-118.2776687,West Jefferson Boulevard,368.5
34.0213554,-118.2787529,34.0184237,-118.2806427,South Flower Street,1212.7
34.0213554,-118.2787529,34.0219044,-118.2800026,West Jefferson Boulevard,427.7
34.0224565,-118.278095,34.023003,-118.279291,West 33rd Street,412.9
34.0224565,-118.278095,34.0213554,-118.2787529,South Flower Street,448.3
34.0138773,-118.280675,34.017066,-118.2793886,Unnamed Road,1239.4
34.0138773,-118.280675,34.0156816,-118.2804847,Harbor Freeway,661.3
34.0164051,-118.2958752,34.0155036,-118.295897,South Budlong Avenue,329.6
34.0164051,-118.2958752,34.0173131,-118.2958644,South Budlong Avenue,331.3
34.0168292,-118.2915113,34.0168289,-118.2916134,West 38th Street,30.9
34.0168292,-118.2915113,34.0176168,-118.2915601,South Vermont Avenue,290.5
34.0271193,-118.2857663,34.0269029,-118.2857826,McClintock Avenue,81.4
34.0269029,-118.2857826,34.0251461,-118.287061,McClintock Avenue,752.6
34.0269029,-118.2857826,34.0274057,-118.2849862,McClintock Avenue,328.9
34.0165885,-118.2784289,34.0168198,-118.2782814,South Grand Avenue,95.4
34.0165885,-118.2784289,34.0151595,-118.2793402,South Grand Avenue,589.7
34.0118497,-118.2883833,34.0118475,-118.2872504,South Park Drive,342.6
34.0116052,-118.2816899,34.0111237,-118.2820064,Flower Drive,200.6
34.0231119,-118.291561,34.0230804,-118.2938385,West 36th Street,689.4
34.0231119,-118.291561,34.0220568,-118.2915579,South Vermont Avenue,384.9
34.0231119,-118.291561,34.0247772,-118.2915554,South Vermont Avenue,619.9
34.0324046,-118.2741891,34.0321166,-118.2734905,West 21st Street,236.2
34.0307551,-118.2790879,34.0311179,-118.2799131,Saint James Place,282.4
34.0291023,-118.2948208,34.0286572,-118.2948204,Walton Avenue,162.4
34.0247772,-118.2915554,34.02549,-118.2915534,South Vermont Avenue,260.1
34.0247772,-118.2915554,34.0231119,-118.291561,South Vermont Avenue,616.4
34.0213701,-118.2915572,34.0220568,-118.2915579,South Vermont Avenue,250.5
34.0213701,-118.2915572,34.0199617,-118.2915575,South Vermont Avenue,529.9
34.0158978,-118.2915467,34.0168292,-118.2915113,South Vermont Avenue,342.1
34.0158978,-118.2915467,34.0154604,-118.2915488,South Vermont Avenue,159.6
34.0168289,-118.2916134,34.0168292,-118.2915113,West 38th Street,30.9
34.0168289,-118.2916134,34.0168301,-118.2930921,West 38th Street,447.1
34.0168289,-118.2916134,34.0158978,-118.2915467,South Vermont Avenue,343.6
34.0174972,-118.2828224,34.017304,-118.282788,South Figueroa Street,72.6
34.0176168,-118.2915601,34.0181547,-118.2915533,South Vermont Avenue,196.3
34.0176168,-118.2915601,34.0168289,-118.2916134,South Vermont Avenue,290.7
34.0192858,-118.2816845,34.0200302,-118.2812043,South Figueroa Street,315.3
34.0192858,-118.2816845,34.0183751,-118.2822537,South Figueroa Street,374.2
34.0191242,-118.29155,34.0183476,-118.2915525,South Vermont Avenue,283.3
34.0191242,-118.29155,34.019633,-118.2915621,South Vermont Avenue,197.3
34.019633,-118.2915621,34.0191242,-118.29155,South Vermont Avenue,196.6
34.019633,-118.2915621,34.0199617,-118.2915575,South Vermont Avenue,119.9
34.0200302,-118.2812043,34.0204134,-118.2809696,South Figueroa Street,156.8
34.0200302,-118.2812043,34.0192858,-118.2816845,South Figueroa Street,313.9
34.012091,-118.291613,34.0120913,-118.2915047,Browning Boulevard,32.8
34.012091,-118.291613,34.0120911,-118.2959134,Browning Boulevard,1300.4
34.0132218,-118.2916075,34.0132224,-118.291509,Leighton Avenue,29.8
34.0132218,-118.2916075,34.012091,-118.291613,South Vermont Avenue,412.5
34.0132218,-118.2916075,34.0132256,-118.2959245,Leighton Avenue,1305.5
34.0141342,-118.2916107,34.0141326,-118.2915063,West 39th Place,31.6
34.0141342,-118.2916107,34.0132218,-118.2916075,South Vermont Avenue,332.9
34.0141342,-118.2916107,34.0141376,-118.2925292,West 39th Place,277.8
34.0161573,-118.2827847,34.0157486,-118.2827774,South Figueroa Street,149.1
34.0161573,-118.2827847,34.017304,-118.282788,South Figueroa Street,418.4
34.0279909,-118.2730463,34.0279909,-118.2730463,South Hope Street,166.6
34.0279909,-118.2730463,34.0270755,-118.2736289,South Hope Street,377.6
34.0255164,-118.2839646,34.027399,-118.2839787,South Hoover Street,686.9
34.0255164,-118.2839646,34.0247538,-118.281786,West 32nd Street,726.0
34.0255164,-118.2839646,34.0237668,-118.2840136,South Hoover Street,652.2
34.0257884,-118.2796882,34.0242511,-118.2806546,Shrine Place,632.5
34.0257884,-118.2796882,34.0262914,-118.2808153,West 30th Street,387.1
34.0257884,-118.2796882,34.0250489,-118.2780079,West 30th Street,575.3
34.0262914,-118.2808153,34.0266861,-118.2817844,West 30th Street,326.5
34.0262914,-118.2808153,34.0257884,-118.2796882,West 30th Street,387.1
34.0262914,-118.2808153,34.0247538,-118.281786,Royal Street,633.1
34.0255479,-118.2882466,34.0274328,-118.2882375,Orchard Avenue,687.8
34.0255479,-118.2882466,34.02549,-118.2915534,West Jefferson Boulevard,1005.7
34.0242511,-118.2806546,34.0257884,-118.2796882,Shrine Place,632.5
34.0242511,-118.2806546,34.0235169,-118.2789765,West 32nd Street,573.8
34.0242511,-118.2806546,34.0247538,-118.281786,West 32nd Street,388.3
34.0241479,-118.2785786,34.0236085,-118.2773694,West 31st Street,415.2
34.0241479,-118.2785786,34.0250489,-118.2780079,South Figueroa Street,371.2
34.0241479,-118.2785786,34.0235169,-118.2789765,South Figueroa Street,259.7
34.023003,-118.279291,34.0224565,-118.278095,West 33rd Street,412.9
34.023003,-118.279291,34.0219044,-118.2800026,South Figueroa Street,454.9
34.023003,-118.279291,34.0235169,-118.2789765,South Figueroa Street,210.2
34.0255129,-118.2948454,34.024154,-118.2948595,Walton Avenue,496.3
34.0255129,-118.2948454,34.0271706,-118.294828,Walton Avenue,605.0
34.0255129,-118.2948454,34.0255051,-118.293743,West Jefferson Boulevard,333.3
34.0255129,-118.2948454,34.0255152,-118.295905,West Jefferson Boulevard,320.4
34.028386,-118.2839685,34.0283978,-118.287451,West 29th Street,1052.9
34.028386,-118.2839685,34.027399,-118.2839787,South Hoover Street,360.1
34.028386,-118.2839685,34.0289489,-118.283965,South Hoover Street,205.4
34.0283978,-118.287451,34.028393,-118.2882305,West 29th Street,235.7
34.0283978,-118.287451,34.028386,-118.2839685,West 29th Street,1052.9
34.0283978,-118.287451,34.0293616,-118.2874377,Orchard Avenue,351.6
34.0302959,-118.2864607,34.0302888,-118.2874446,West 27th Street,297.5
34.0302959,-118.2864607,34.0302927,-118.2849693,West 27th Street,450.9
34.0302888,-118.2874446,34.0293616,-118.2874377,Orchard Avenue,338.3
34.0302888,-118.2874446,34.0302959,-118.2864607,West 27th Street,297.5
34.0295966,-118.2915559,34.029569,-118.2959172,West 28th Street,1318.6
34.0295966,-118.2915559,34.0304902,-118.291558,South Vermont Avenue,326.1
34.0295966,-118.2915559,34.028686,-118.2915568,South Vermont Avenue,332.2
34.0277678,-118.2915609,34.0277744,-118.2937341,West 30th Street,657.1
34.0277678,-118.2915609,34.0283924,-118.2915603,South Vermont Avenue,227.9
34.0277678,-118.2915609,34.0274334,-118.2915591,South Vermont Avenue,122.0
34.028245,-118.2822152,34.0287921,-118.2834459,West 28th Street,422.3
34.028245,-118.2822152,34.0277432,-118.2810824,West 28th Street,388.3
34.028245,-118.2822152,34.0303306,-118.2809044,Severance Street,857.9
34.0287921,-118.2834459,34.0289489,-118.283965,West 28th Street,170.7
34.0287921,-118.2834459,34.028245,-118.2822152,West 28th Street,422.3
34.0287921,-118.2834459,34.030868,-118.2821161,Portland Street,857.5
34.0271042,-118.2766951,34.0273404,-118.2765547,South Figueroa Street,96.1
34.0271042,-118.2766951,34.0277432,-118.2810824,"['University Avenue', 'West 27th Street']",1687.5
34.0271042,-118.2766951,34.0265529,-118.2770464,South Figueroa Street,227.4
34.0265529,-118.2770464,34.0260271,-118.2758599,West 28th Street,406.8
34.0265529,-118.2770464,34.0271042,-118.2766951,South Figueroa Street,227.4
34.0265529,-118.2770464,34.0260891,-118.2773482,South Figueroa Street,192.3
34.0247125,-118.273408,34.0248703,-118.2733079,South Grand Avenue,65.0
34.0247125,-118.273408,34.0233687,-118.2742603,South Grand Avenue,553.8
34.0248703,-118.2733079,34.0247125,-118.273408,South Grand Avenue,65.0
34.0248703,-118.2733079,34.0254907,-118.2746765,West 28th Street,471.7
34.0248703,-118.2733079,34.0254272,-118.2729547,South Grand Avenue,229.5
34.0220736,-118.2938304,34.0220363,-118.2944101,West 36th Place,175.8
34.0220736,-118.2938304,34.0230804,-118.2938385,South Catalina Street,367.3
34.0220736,-118.2938304,34.0220568,-118.2915579,West 36th Place,688.1
34.0236835,-118.2959308,34.0241547,-118.2959085,Budlong Avenue,172.0
34.0236835,-118.2959308,34.0228946,-118.2959452,Budlong Avenue,287.8
34.0236835,-118.2959308,34.0236905,-118.298081,West 35th Place,650.1
34.0241547,-118.2959085,34.0236835,-118.2959308,Budlong Avenue,172.0
34.0241547,-118.2959085,34.0245372,-118.2959137,Budlong Avenue,139.5
34.0241547,-118.2959085,34.024154,-118.2948595,West 35th Street,317.2
34.0245372,-118.2959137,34.0241547,-118.2959085,Budlong Avenue,139.5
34.0245372,-118.2959137,34.0255152,-118.295905,Budlong Avenue,356.9
34.0245372,-118.2959137,34.0245622,-118.2980834,West 35th Street,656.9
34.0255152,-118.2970054,34.0273179,-118.297002,Van Buren Place,657.7
34.0255152,-118.2970054,34.0255152,-118.295905,West Jefferson Boulevard,332.7
34.0255152,-118.2970054,34.0255189,-118.2980869,West Jefferson Boulevard,327.0
34.0245622,-118.2980834,34.0236905,-118.298081,Raymond Avenue,318.1
34.0245622,-118.2980834,34.0255189,-118.2980869,Raymond Avenue,349.0
34.0245622,-118.2980834,34.0245372,-118.2959137,West 35th Street,656.9
34.0186793,-118.2771007,34.0193072,-118.2784968,West 35th Street,480.3
34.0186793,-118.2771007,34.0168198,-118.2782814,South Grand Avenue,766.6
34.0186793,-118.2771007,34.0202487,-118.2762038,South Grand Avenue,637.2
34.0323408,-118.2775943,34.0319473,-118.2766985,West 23rd Street,306.5
34.030868,-118.2821161,34.0287921,-118.2834459,Portland Street,857.5
34.030868,-118.2821161,34.0305871,-118.2814791,West Adams Boulevard,218.2
34.030868,-118.2821161,34.0311404,-118.282729,West Adams Boulevard,210.3
34.0303306,-118.2809044,34.0301928,-118.2805974,West Adams Boulevard,105.6
34.0303306,-118.2809044,34.028245,-118.2822152,Severance Street,857.9
34.0303306,-118.2809044,34.0305871,-118.2814791,West Adams Boulevard,197.3
34.0305871,-118.2814791,34.0315334,-118.280863,Scarff Street,392.3
34.0305871,-118.2814791,34.030868,-118.2821161,West Adams Boulevard,218.2
34.0305871,-118.2814791,34.0303306,-118.2809044,West Adams Boulevard,197.3
34.0311404,-118.282729,34.0314351,-118.2833754,West Adams Boulevard,223.0
34.0311404,-118.282729,34.030868,-118.2821161,West Adams Boulevard,210.3
34.0314351,-118.2833754,34.0311404,-118.282729,West Adams Boulevard,223.0
34.0314351,-118.2833754,34.0317181,-118.2839972,West Adams Boulevard,214.5
34.0314351,-118.2833754,34.0326021,-118.2826186,Toberman Street,483.3
34.0302921,-118.2839955,34.0302927,-118.2849693,West 27th Street,294.4
34.0302921,-118.2839955,34.0293511,-118.2839647,South Hoover Street,343.4
34.0302921,-118.2839955,34.0317181,-118.2839972,South Hoover Street,520.3
34.0293511,-118.2839647,34.0293616,-118.2874377,West 28th Street,1050.1
34.0293511,-118.2839647,34.0289489,-118.283965,South Hoover Street,146.7
34.0293511,-118.2839647,34.0302921,-118.2839955,South Hoover Street,343.4
34.0301666,-118.2805426,34.0301928,-118.2805974,West Adams Boulevard,19.1
34.0301666,-118.2805426,34.0311179,-118.2799131,Saint James Park,395.8
34.0301666,-118.2805426,34.0281597,-118.2760241,West Adams Boulevard,1550.1
34.0321163,-118.2849356,34.0302927,-118.2849693,Monmouth Avenue,666.7
34.0321163,-118.2849356,34.0317181,-118.2839972,West Adams Boulevard,318.8
34.0302927,-118.2849693,34.0302959,-118.2864607,West 27th Street,450.9
34.0302927,-118.2849693,34.0302921,-118.2839955,West 27th Street,294.4
34.0302927,-118.2849693,34.0321163,-118.2849356,Monmouth Avenue,666.7
34.0293616,-118.2874377,34.0302888,-118.2874446,Orchard Avenue,338.3
34.0293616,-118.2874377,34.0293511,-118.2839647,West 28th Street,1050.1
34.0293616,-118.2874377,34.0283978,-118.287451,Orchard Avenue,351.6
34.0283967,-118.2888526,34.028393,-118.2882305,West 29th Street,188.1
34.0283967,-118.2888526,34.0283937,-118.290337,West 29th Street,448.8
34.0283937,-118.290337,34.0283924,-118.2915603,West 29th Street,369.9
34.0283937,-118.290337,34.0283967,-118.2888526,West 29th Street,448.8
34.0274334,-118.2915591,34.0268814,-118.2915504,South Vermont Avenue,201.4
34.0274334,-118.2915591,34.0274328,-118.2882375,West 30th Street,1004.3
34.0274334,-118.2915591,34.0277678,-118.2915609,South Vermont Avenue,122.0
34.0268814,-118.2915504,34.0274334,-118.2915591,South Vermont Avenue,201.4
34.0268814,-118.2915504,34.0263906,-118.2915491,South Vermont Avenue,179.1
34.0268814,-118.2915504,34.0268778,-118.2937337,West 30th Place,660.1
34.0255051,-118.293743,34.0241553,-118.2938238,South Catalina Street,493.0
34.0255051,-118.293743,34.0268778,-118.2937337,South Catalina Street,500.8
34.0255051,-118.293743,34.02549,-118.2915534,West Jefferson Boulevard,662.1
34.0255051,-118.293743,34.0255129,-118.2948454,West Jefferson Boulevard,333.3
34.0311179,-118.2799131,34.0311488,-118.2799829,Saint James Place,23.9
34.0311179,-118.2799131,34.0307551,-118.2790879,Saint James Place,282.4
34.0315874,-118.2915631,34.0315851,-118.294256,Dana Street,814.1
34.0315874,-118.2915631,34.0304902,-118.291558,South Vermont Avenue,400.3
34.0160548,-118.2825121,34.0157486,-118.2827774,South Flower Street,137.5
34.0160548,-118.2825121,34.0171146,-118.28164,South Flower Street,468.0
34.0160548,-118.2825121,34.0161573,-118.2827847,Unnamed Road,93.3
34.0171146,-118.28164,34.0160548,-118.2825121,South Flower Street,468.0
34.0171146,-118.28164,34.0178208,-118.2810919,South Flower Street,306.4
34.0171146,-118.28164,34.0175842,-118.2826952,37th Place,362.2
34.0321796,-118.2969992,34.0309217,-118.2969976,Van Buren Place,458.9
34.0209921,-118.2757899,34.0213336,-118.2755701,South Grand Avenue,141.2
34.0209921,-118.2757899,34.0203749,-118.2744303,West 33rd Street,468.7
34.0209921,-118.2757899,34.0202487,-118.2762038,South Grand Avenue,300.2
34.0216802,-118.275347,34.0213336,-118.2755701,South Grand Avenue,143.3
34.0216802,-118.275347,34.0224634,-118.274843,South Grand Avenue,323.8
34.0216802,-118.275347,34.0210506,-118.273985,West 32nd Street,471.5
34.0213336,-118.2755701,34.0209921,-118.2757899,South Grand Avenue,141.2
34.0213336,-118.2755701,34.0216802,-118.275347,South Grand Avenue,143.3
34.0213336,-118.2755701,34.0219815,-118.2770062,West 33rd Street,494.4
34.0224634,-118.274843,34.0216802,-118.275347,South Grand Avenue,323.8
34.0224634,-118.274843,34.0225345,-118.2747972,South Grand Avenue,29.4
34.0224634,-118.274843,34.0219815,-118.2770062,"['South Hope Street', 'West 31st Street']",1002.7
34.0225345,-118.2747972,34.0224634,-118.274843,South Grand Avenue,29.4
34.0225345,-118.2747972,34.0219213,-118.2734113,West 31st Street,475.0
34.0225345,-118.2747972,34.0233687,-118.2742603,South Grand Avenue,344.9
34.0230161,-118.2823196,34.0229256,-118.2823781,Royal Street,37.5
34.0230161,-118.2823196,34.0237668,-118.2840136,West Jefferson Boulevard,580.9
34.0229256,-118.2823781,34.0222886,-118.2808654,West Jefferson Boulevard,514.6
34.0229256,-118.2823781,34.0230161,-118.2823196,Royal Street,37.5
34.0263933,-118.2927392,34.0263906,-118.2915491,31st Street,359.8
34.0250615,-118.2871137,34.0251461,-118.287061,McClintock Avenue,34.7
34.0250615,-118.2871137,34.0236742,-118.2840701,West Jefferson Boulevard,1050.5
34.0251461,-118.287061,34.0255479,-118.2882466,West Jefferson Boulevard,390.3
34.0251461,-118.287061,34.0250615,-118.2871137,McClintock Avenue,34.7
34.0251461,-118.287061,34.0269029,-118.2857826,McClintock Avenue,752.6
34.0236742,-118.2840701,34.0229256,-118.2823781,West Jefferson Boulevard,580.0
34.0236742,-118.2840701,34.0237668,-118.2840136,South Hoover Street,37.9
34.0266861,-118.2817844,34.0277432,-118.2810824,University Avenue,440.7
34.0266861,-118.2817844,34.0262914,-118.2808153,West 30th Street,326.5
34.0266861,-118.2817844,34.027399,-118.2839787,West 30th Street,723.9
34.0136286,-118.2803164,34.0131073,-118.2791137,West 39th Street,410.5
34.0136286,-118.2803164,34.0132964,-118.2804815,South Grand Avenue,131.4
34.0136286,-118.2803164,34.0151595,-118.2793402,South Grand Avenue,631.7
34.0136286,-118.2803164,34.0138286,-118.2809772,West 39th Street,212.9
34.0274278,-118.2861757,34.0274328,-118.2882375,West 30th Street,623.4
34.0274278,-118.2861757,34.0271193,-118.2857663,Unnamed Road,201.3
34.0311488,-118.2799829,34.0311179,-118.2799131,Saint James Place,23.9
34.0311488,-118.2799829,34.0312666,-118.2802529,Saint James Place,92.3
34.0311488,-118.2799829,34.0301928,-118.2805974,Saint James Park,395.2
34.0301928,-118.2805974,34.0303306,-118.2809044,West Adams Boulevard,105.6
34.0301928,-118.2805974,34.0301666,-118.2805426,West Adams Boulevard,19.1
