Intersection 1 Lat,Intersection 1 Lon,Intersection 2 Lat,Intersection 2 Lon,Road Name,Highway Type(s),Distance (ft)
34.0203897,-118.28774,34.0203605,-118.2876734,Downey Way,service,22.8
34.0203897,-118.28774,34.0204187,-118.2878053,Downey Way,service,22.4
34.0203897,-118.28774,34.0203403,-118.2877721,Watt Way,service,20.5
34.0228043,-118.2884783,34.0231657,-118.288239,Unnamed,footway,150.4
34.0228043,-118.2884783,34.0212275,-118.28947,Unnamed,footway,649.1
34.0228043,-118.2884783,34.0228173,-118.2885355,Unnamed,footway,18.3
34.0211966,-118.2895727,34.0211744,-118.289511,Downey Way,service,20.3
34.0211966,-118.2895727,34.0212184,-118.2896396,Downy Place,service,21.7
34.0211966,-118.2895727,34.0211472,-118.2896022,McClintock Avenue,service,20.1
34.0211966,-118.2895727,34.0212474,-118.2895374,McClintock Avenue,service,21.4
34.0216641,-118.283476,34.0218733,-118.2836393,Unnamed,footway,125.3
34.0191679,-118.2893331,34.0189353,-118.2888068,West 37th Place,service,180.4
34.0191679,-118.2893331,34.0194212,-118.2898978,West 37th Place,service,194.2
34.0191679,-118.2893331,34.0192115,-118.2893018,Unnamed,footway,18.5
34.0191679,-118.2893331,34.0191249,-118.2893623,Unnamed,footway,18.0
34.0204468,-118.2845351,34.0204988,-118.2846573,Unnamed,footway,44.2
34.0204468,-118.2845351,34.0204634,-118.28449,Unnamed,footway,15.0
34.0204468,-118.2845351,34.0200881,-118.2844305,Unnamed,footway,135.2
34.0204988,-118.2846573,34.0203607,-118.285074,Unnamed,footway,135.7
34.0204988,-118.2846573,34.0205385,-118.2846625,Unnamed,footway,14.6
34.0204988,-118.2846573,34.0204468,-118.2845351,Unnamed,footway,44.2
34.0205754,-118.2844601,34.0207401,-118.2839842,Unnamed,footway,155.9
34.0205754,-118.2844601,34.0205342,-118.2844478,Unnamed,footway,15.6
34.0205754,-118.2844601,34.0206203,-118.2845796,Unnamed,footway,42.5
34.0206203,-118.2845796,34.0207052,-118.2849633,Trousdale Parkway,"pedestrian, footway",333.5
34.0206203,-118.2845796,34.0205754,-118.2844601,Unnamed,footway,42.5
34.0206203,-118.2845796,34.0206064,-118.2846167,Unnamed,footway,12.4
34.0207981,-118.2839465,34.0207401,-118.2839842,Unnamed,footway,24.0
34.0196963,-118.2905307,34.0196658,-118.2904602,West 37th Place,service,24.0
34.0196963,-118.2905307,34.0197208,-118.2906144,West 37th Place,service,26.8
34.0196963,-118.2905307,34.0197405,-118.2905009,McClintock Avenue,service,18.5
34.0189353,-118.2888068,34.0188836,-118.2886992,West 37th Place,service,37.6
34.0189353,-118.2888068,34.0191679,-118.2893331,West 37th Place,service,180.4
34.0189353,-118.2888068,34.0188798,-118.2888441,Unnamed,footway,23.2
34.0189353,-118.2888068,34.0189785,-118.2887773,Unnamed,footway,18.1
34.0211684,-118.2871997,34.0208124,-118.2863865,Childs Way,pedestrian,278.1
34.020287,-118.2853109,34.0203304,-118.2852881,Trousdale Parkway,pedestrian,17.3
34.020287,-118.2853109,34.0198913,-118.2856306,Trousdale Parkway,pedestrian,175.9
34.020287,-118.2853109,34.0195081,-118.2857147,Trousdale Parkway,pedestrian,311.3
34.0195542,-118.2858473,34.0198913,-118.2856306,Trousdale Parkway,pedestrian,139.3
34.019978,-118.2844898,34.0200881,-118.2844305,Unnamed,footway,44.0
34.0212627,-118.2861427,34.0212466,-118.2860995,Unnamed,footway,14.3
34.02061,-118.2859246,34.0206774,-118.286077,Childs Way,pedestrian,52.2
34.02061,-118.2859246,34.0202923,-118.2861202,Unnamed,footway,130.1
34.02061,-118.2859246,34.0203304,-118.2852881,Childs Way,pedestrian,217.8
34.0201766,-118.2861982,34.0202923,-118.2861202,Unnamed,footway,48.4
34.0201766,-118.2861982,34.0203018,-118.2877071,Unnamed,"steps, footway",585.7
34.0201766,-118.2861982,34.0198913,-118.2856306,Unnamed,footway,202.0
34.0198913,-118.2856306,34.0195542,-118.2858473,Trousdale Parkway,pedestrian,139.3
34.0198913,-118.2856306,34.020287,-118.2853109,Trousdale Parkway,pedestrian,175.9
34.0198913,-118.2856306,34.0201766,-118.2861982,Unnamed,footway,202.0
34.0197824,-118.2896395,34.0199824,-118.2900744,Unnamed,footway,150.4
34.0197824,-118.2896395,34.0194593,-118.2898562,Unnamed,footway,135.5
34.0197824,-118.2896395,34.0208561,-118.2889463,Unnamed,footway,444.3
34.0213961,-118.2854133,34.0214239,-118.2854789,Hellman Way,footway,22.3
34.0213961,-118.2854133,34.0212467,-118.2850393,Hellman Way,footway,126.3
34.0213961,-118.2854133,34.0214886,-118.285229,Unnamed,footway,65.5
34.0212466,-118.2860995,34.0211108,-118.2858034,Unnamed,footway,102.3
34.0212466,-118.2860995,34.0212627,-118.2861427,Unnamed,footway,14.3
34.0212466,-118.2860995,34.0211974,-118.2861322,Unnamed,footway,20.5
34.0212466,-118.2860995,34.021284,-118.2860894,Unnamed,footway,14.0
34.0211974,-118.2861322,34.0211801,-118.286157,Unnamed,footway,9.8
34.0211974,-118.2861322,34.0212466,-118.2860995,Unnamed,footway,20.5
34.0211974,-118.2861322,34.0212133,-118.2861717,Unnamed,footway,13.3
34.0211974,-118.2861322,34.0210647,-118.2858341,Unnamed,footway,102.3
34.0207795,-118.2860149,34.0206774,-118.286077,Unnamed,footway,41.7
34.0207795,-118.2860149,34.0210647,-118.2858341,Unnamed,footway,117.5
34.0207795,-118.2860149,34.0211801,-118.286157,Unnamed,footway,154.3
34.0217759,-118.2834185,34.0218176,-118.2835095,Unnamed,footway,31.4
34.0218733,-118.2836393,34.0218176,-118.2835095,Unnamed,footway,44.2
34.0218733,-118.2836393,34.0216641,-118.283476,Unnamed,footway,125.3
34.0218733,-118.2836393,34.0220096,-118.2835603,Unnamed,"steps, footway",55.2
34.0220987,-118.2835686,34.0222721,-118.2839747,Unnamed,footway,138.1
34.0220987,-118.2835686,34.0220096,-118.2835603,Unnamed,footway,32.6
34.0220987,-118.2835686,34.0222477,-118.2835894,Unnamed,footway,54.7
34.0222721,-118.2839747,34.0220987,-118.2835686,Unnamed,footway,138.1
34.0207566,-118.2850744,34.0207052,-118.2849633,Unnamed,footway,38.5
34.0207566,-118.2850744,34.0204447,-118.2852208,Trousdale Parkway,pedestrian,124.7
34.0207566,-118.2850744,34.0212467,-118.2850393,"['Trousdale Parkway', 'Hellman Way']","pedestrian, footway",224.4
34.0219307,-118.2822458,34.0218856,-118.2821391,West 34th Street,service,36.2
34.0219307,-118.2822458,34.0219958,-118.2822531,Unnamed,footway,23.9
34.0219307,-118.2822458,34.0220449,-118.2825075,West 34th Street,service,89.4
34.0189785,-118.2887773,34.0189911,-118.288706,Unnamed,footway,22.0
34.0189785,-118.2887773,34.0192115,-118.2893018,Unnamed,footway,179.9
34.0189785,-118.2887773,34.0189353,-118.2888068,Unnamed,footway,18.1
34.0188297,-118.2888427,34.0188798,-118.2888441,Unnamed,footway,18.3
34.0188297,-118.2888427,34.0188056,-118.2887816,Unnamed,footway,20.5
34.0188798,-118.2888441,34.0188297,-118.2888427,Unnamed,footway,18.3
34.0188798,-118.2888441,34.0196135,-118.2904961,Unnamed,footway,586.4
34.0188798,-118.2888441,34.0189353,-118.2888068,Unnamed,footway,23.2
34.0223135,-118.2821905,34.0222972,-118.2822004,Unnamed,footway,6.7
34.0223328,-118.286102,34.0222281,-118.2860718,Unnamed,footway,39.3
34.0185465,-118.2873853,34.0184425,-118.2874782,Unnamed,footway,47.4
34.0189677,-118.288651,34.0188836,-118.2886992,Watt Way,service,34.0
34.0189677,-118.288651,34.0203403,-118.2877721,Watt Way,service,566.9
34.0189677,-118.288651,34.0189911,-118.288706,Unnamed,footway,18.7
34.0189677,-118.288651,34.0189446,-118.2886045,Unnamed,footway,16.4
34.0192115,-118.2893018,34.0194593,-118.2898562,Unnamed,footway,190.5
34.0192115,-118.2893018,34.0189785,-118.2887773,Unnamed,footway,179.9
34.0192115,-118.2893018,34.0191679,-118.2893331,Unnamed,footway,18.5
34.0198924,-118.2866239,34.0199909,-118.2868305,Downey Way,service,72.1
34.0201771,-118.2849413,34.0203304,-118.2852881,Childs Way,pedestrian,118.9
34.0202759,-118.2839697,34.0203853,-118.2842103,Unnamed,"steps, footway",83.0
34.0204262,-118.2900701,34.0204105,-118.2900007,West 37th Street,footway,21.8
34.0204262,-118.2900701,34.0197405,-118.2905009,McClintock Avenue,service,282.1
34.0204262,-118.2900701,34.0207099,-118.289885,McClintock Avenue,service,117.7
34.0204262,-118.2900701,34.020447,-118.2901644,West 37th Street,footway,29.5
34.0204634,-118.28449,34.0203524,-118.2842317,Unnamed,footway,88.0
34.0204634,-118.28449,34.0204468,-118.2845351,Unnamed,footway,15.0
34.0204634,-118.28449,34.0205342,-118.2844478,Unnamed,footway,29.7
34.0205342,-118.2844478,34.0204216,-118.2841866,Unnamed,footway,89.0
34.0205342,-118.2844478,34.0204634,-118.28449,Unnamed,footway,29.7
34.0205342,-118.2844478,34.0205754,-118.2844601,Unnamed,footway,15.6
34.0205385,-118.2846625,34.0206064,-118.2846167,Unnamed,footway,29.2
34.0205385,-118.2846625,34.0204988,-118.2846573,Unnamed,footway,14.6
34.0205385,-118.2846625,34.0207052,-118.2849633,Unnamed,footway,111.1
34.0206064,-118.2846167,34.0206203,-118.2845796,Unnamed,footway,12.4
34.0206064,-118.2846167,34.0205385,-118.2846625,Unnamed,footway,29.2
34.0206064,-118.2846167,34.0207052,-118.2849633,Unnamed,footway,113.9
34.0219736,-118.2867087,34.0215659,-118.285919,Hellman Way,footway,286.6
34.0211108,-118.2858034,34.0212466,-118.2860995,Unnamed,footway,102.3
34.0211108,-118.2858034,34.0210647,-118.2858341,Unnamed,footway,19.2
34.0211108,-118.2858034,34.0214252,-118.2855968,Unnamed,footway,131.0
34.0210647,-118.2858341,34.0207795,-118.2860149,Unnamed,footway,117.5
34.0210647,-118.2858341,34.0211108,-118.2858034,Unnamed,footway,19.2
34.0210647,-118.2858341,34.0211974,-118.2861322,Unnamed,footway,102.3
34.0214629,-118.2855746,34.0214239,-118.2854789,Hellman Way,footway,32.2
34.0214629,-118.2855746,34.0214252,-118.2855968,Unnamed,footway,15.3
34.0214629,-118.2855746,34.0215659,-118.285919,Hellman Way,footway,111.3
34.0212467,-118.2850393,34.0212982,-118.285038,Unnamed,footway,18.8
34.0212467,-118.2850393,34.0207566,-118.2850744,"['Trousdale Parkway', 'Hellman Way']","pedestrian, footway",224.4
34.0212467,-118.2850393,34.0213961,-118.2854133,Hellman Way,footway,126.3
34.0212982,-118.285038,34.0214886,-118.285229,Unnamed,footway,90.3
34.0212982,-118.285038,34.0212467,-118.2850393,Unnamed,footway,18.8
34.0212982,-118.285038,34.0216245,-118.2849187,Unnamed,footway,126.7
34.0214886,-118.285229,34.0216245,-118.2849187,Unnamed,footway,106.1
34.0214886,-118.285229,34.02166,-118.2852601,Unnamed,footway,63.2
34.0214886,-118.285229,34.0212982,-118.285038,Unnamed,footway,90.3
34.0214886,-118.285229,34.0213961,-118.2854133,Unnamed,footway,65.5
34.02166,-118.2852601,34.0217656,-118.2851354,Unnamed,footway,53.9
34.02166,-118.2852601,34.0218179,-118.2853298,Unnamed,footway,61.3
34.02166,-118.2852601,34.0214886,-118.285229,Unnamed,footway,63.2
34.02166,-118.2852601,34.0214239,-118.2854789,Unnamed,footway,108.9
34.0218179,-118.2853298,34.02166,-118.2852601,Unnamed,footway,61.3
34.0218179,-118.2853298,34.0220546,-118.2855953,Unnamed,footway,118.7
34.0218179,-118.2853298,34.0217656,-118.2851354,Unnamed,footway,62.2
34.0217656,-118.2851354,34.02166,-118.2852601,Unnamed,footway,53.9
34.0217656,-118.2851354,34.0218318,-118.2850269,Unnamed,footway,41.8
34.0217656,-118.2851354,34.0218179,-118.2853298,Unnamed,footway,62.2
34.0214239,-118.2854789,34.0213961,-118.2854133,Hellman Way,footway,22.3
34.0214239,-118.2854789,34.0214629,-118.2855746,Hellman Way,footway,32.2
34.0214239,-118.2854789,34.02166,-118.2852601,Unnamed,footway,108.9
34.0218318,-118.2850269,34.0217946,-118.2849423,Unnamed,footway,29.0
34.0218318,-118.2850269,34.0222414,-118.284834,Unnamed,footway,160.8
34.0218318,-118.2850269,34.0217656,-118.2851354,Unnamed,footway,41.8
34.0220546,-118.2855953,34.0221524,-118.2858126,Unnamed,footway,74.8
34.0220546,-118.2855953,34.0218179,-118.2853298,Unnamed,footway,118.7
34.0220546,-118.2855953,34.0221689,-118.2856231,Unnamed,footway,42.8
34.0221524,-118.2858126,34.0221917,-118.2859299,Unnamed,footway,38.3
34.0221524,-118.2858126,34.0220546,-118.2855953,Unnamed,footway,74.8
34.0221524,-118.2858126,34.0222117,-118.2857009,Unnamed,footway,40.1
34.0222281,-118.2860718,34.0221917,-118.2859299,Unnamed,footway,44.9
34.0222281,-118.2860718,34.0223328,-118.286102,Unnamed,footway,39.3
34.0222281,-118.2860718,34.0224096,-118.2865415,Unnamed,footway,156.8
34.0221917,-118.2859299,34.022088,-118.2858904,Unnamed,footway,39.7
34.0221917,-118.2859299,34.0222281,-118.2860718,Unnamed,footway,44.9
34.0221917,-118.2859299,34.0221524,-118.2858126,Unnamed,footway,38.3
34.022088,-118.2858904,34.0221917,-118.2859299,Unnamed,footway,39.7
34.0224096,-118.2865415,34.0222281,-118.2860718,Unnamed,footway,156.8
34.0224841,-118.2846913,34.0226076,-118.2845654,Unnamed,footway,61.2
34.0224841,-118.2846913,34.0223441,-118.284782,Unnamed,footway,58.0
34.0224841,-118.2846913,34.0226166,-118.2846923,Unnamed,footway,51.0
34.0226076,-118.2845654,34.022815,-118.2844186,Unnamed,footway,87.7
34.0226076,-118.2845654,34.0224841,-118.2846913,Unnamed,footway,61.2
34.0226076,-118.2845654,34.0226166,-118.2846923,Unnamed,footway,40.1
34.0228698,-118.2843826,34.022815,-118.2844186,Unnamed,footway,22.8
34.0228698,-118.2843826,34.0238737,-118.286664,West 34th Street,service,781.0
34.0228698,-118.2843826,34.0224618,-118.283455,West 34th Street,service,317.5
34.0223441,-118.284782,34.0223372,-118.2848723,Unnamed,footway,27.4
34.0223441,-118.284782,34.0224841,-118.2846913,Unnamed,footway,58.0
34.0223441,-118.284782,34.0222414,-118.284834,Unnamed,footway,44.0
34.0223372,-118.2848723,34.0223441,-118.284782,Unnamed,footway,27.4
34.0223372,-118.2848723,34.0224615,-118.2851658,Unnamed,footway,99.7
34.0223372,-118.2848723,34.0222414,-118.284834,Unnamed,footway,37.9
34.0222414,-118.284834,34.0223441,-118.284782,Unnamed,footway,44.0
34.0222414,-118.284834,34.0218318,-118.2850269,Unnamed,footway,160.8
34.0222414,-118.284834,34.0223372,-118.2848723,Unnamed,footway,37.9
34.0226002,-118.2850114,34.0225853,-118.2850296,Unnamed,footway,7.7
34.0226002,-118.2850114,34.0226797,-118.2848639,Unnamed,footway,55.3
34.0226002,-118.2850114,34.0227086,-118.2850154,Unnamed,footway,40.8
34.0224615,-118.2851658,34.0223372,-118.2848723,Unnamed,footway,99.7
34.0224615,-118.2851658,34.0224044,-118.2855414,Unnamed,footway,121.7
34.0224615,-118.2851658,34.0225853,-118.2850296,Unnamed,footway,61.5
34.0230153,-118.2845635,34.0233717,-118.2843463,Unnamed,footway,145.7
34.0230153,-118.2845635,34.0232711,-118.2851345,Unnamed,footway,196.3
34.0230153,-118.2845635,34.022879,-118.2842553,Unnamed,footway,105.6
34.0228518,-118.2841941,34.0229205,-118.2841506,Unnamed,footway,28.3
34.0228518,-118.2841941,34.022879,-118.2842553,Unnamed,footway,21.0
34.0228518,-118.2841941,34.0227972,-118.2840708,Unnamed,footway,42.3
34.0229205,-118.2841506,34.0228518,-118.2841941,Unnamed,footway,28.3
34.0227972,-118.2840708,34.0228563,-118.2840349,Unnamed,footway,24.1
34.0227972,-118.2840708,34.0228518,-118.2841941,Unnamed,footway,42.3
34.0227972,-118.2840708,34.0225522,-118.2835151,Unnamed,footway,190.3
34.0228563,-118.2840349,34.0227972,-118.2840708,Unnamed,footway,24.1
34.0186502,-118.2880314,34.0188759,-118.2885491,Unnamed,footway,176.9
34.0186502,-118.2880314,34.0185569,-118.2877999,Unnamed,footway,77.8
34.0186502,-118.2880314,34.0197381,-118.2872476,Unnamed,footway,481.2
34.0185286,-118.2877332,34.0185412,-118.2877629,Unnamed,footway,10.1
34.0185286,-118.2877332,34.0184425,-118.2874782,Unnamed,footway,84.5
34.0185286,-118.2877332,34.0186551,-118.2876933,Unnamed,footway,56.0
34.0185569,-118.2877999,34.0186502,-118.2880314,Unnamed,footway,77.8
34.0185569,-118.2877999,34.0185412,-118.2877629,Unnamed,footway,12.6
34.0185569,-118.2877999,34.0186551,-118.2876933,Unnamed,footway,59.1
34.0186551,-118.2876933,34.0186914,-118.2876739,Unnamed,footway,14.5
34.0186551,-118.2876933,34.0185569,-118.2877999,Unnamed,footway,59.1
34.0186551,-118.2876933,34.0185286,-118.2877332,Unnamed,footway,56.0
34.0186914,-118.2876739,34.0186551,-118.2876933,Unnamed,footway,14.5
34.0208296,-118.2874157,34.0211173,-118.2880774,Unnamed,footway,225.9
34.0212801,-118.2884518,34.0211173,-118.2880774,Unnamed,footway,127.8
34.0212801,-118.2884518,34.0211898,-118.2885116,Unnamed,footway,37.6
34.0212801,-118.2884518,34.0214447,-118.2886129,Unnamed,footway,83.6
34.0197208,-118.2906144,34.0196963,-118.2905307,West 37th Place,service,26.8
34.0197208,-118.2906144,34.019958,-118.2911487,West 37th Place,service,183.3
34.0197208,-118.2906144,34.0197659,-118.2905755,Unnamed,footway,20.2
34.0197208,-118.2906144,34.0196135,-118.2904961,Unnamed,footway,69.3
34.0226226,-118.2904853,34.0218811,-118.2908784,Unnamed,service,295.5
34.0226226,-118.2904853,34.0225939,-118.2904167,Childs Way,service,23.2
34.0226226,-118.2904853,34.0230152,-118.2913591,Childs Way,service,300.5
34.0218811,-118.2908784,34.0226226,-118.2904853,Unnamed,service,295.5
34.0218811,-118.2908784,34.0218006,-118.2909248,Unnamed,service,32.5
34.0218811,-118.2908784,34.0215087,-118.2901143,Unnamed,footway,269.8
34.0218006,-118.2909248,34.0218811,-118.2908784,Unnamed,service,32.5
34.0218006,-118.2909248,34.0215956,-118.2904908,Downy Place,service,151.1
34.0216245,-118.2849187,34.0214886,-118.285229,Unnamed,footway,106.1
34.0216245,-118.2849187,34.021706,-118.284741,Unnamed,footway,61.4
34.0216245,-118.2849187,34.0217946,-118.2849423,Unnamed,footway,62.5
34.0216245,-118.2849187,34.0212982,-118.285038,Unnamed,footway,126.7
34.0220096,-118.2835603,34.0220987,-118.2835686,Unnamed,footway,32.6
34.0220096,-118.2835603,34.0218176,-118.2835095,Unnamed,footway,71.7
34.0220096,-118.2835603,34.0218733,-118.2836393,Unnamed,"steps, footway",55.2
34.0220425,-118.2823556,34.0220938,-118.2824728,Unnamed,footway,40.1
34.0220425,-118.2823556,34.0219958,-118.2822531,Unnamed,footway,35.4
34.0220425,-118.2823556,34.0222972,-118.2822004,Unnamed,footway,104.1
34.0230152,-118.2913591,34.0226226,-118.2904853,Childs Way,service,300.5
34.0230152,-118.2913591,34.0231235,-118.2913509,Unnamed,service,39.8
34.0231235,-118.2913509,34.0236073,-118.2910321,Unnamed,service,201.1
34.0231235,-118.2913509,34.022976,-118.2910183,Unnamed,footway,114.1
34.0231235,-118.2913509,34.0230152,-118.2913591,Unnamed,service,39.8
34.0236073,-118.2910321,34.0231235,-118.2913509,Unnamed,service,201.1
34.0206693,-118.2883663,34.0204187,-118.2878053,Downey Way,service,192.7
34.0206693,-118.2883663,34.020719,-118.2883321,Unnamed,service,20.9
34.0206693,-118.2883663,34.0209143,-118.2889273,Downey Way,service,191.7
34.0208113,-118.2882717,34.020719,-118.2883321,Unnamed,service,38.3
34.0208113,-118.2882717,34.0209613,-118.2881825,Unnamed,service,61.4
34.0208113,-118.2882717,34.0210847,-118.2884846,Unnamed,service,158.0
34.022302,-118.2829495,34.0223426,-118.2830409,Unnamed,footway,31.4
34.022302,-118.2829495,34.0222541,-118.2828394,Unnamed,footway,37.6
34.022302,-118.2829495,34.022254,-118.2829828,Unnamed,service,20.2
34.022302,-118.2829495,34.0225858,-118.2826209,Unnamed,service,151.8
34.022254,-118.2829828,34.022302,-118.2829495,Unnamed,service,20.2
34.022254,-118.2829828,34.0221655,-118.2827809,West 34th Street,service,69.1
34.022254,-118.2829828,34.0224618,-118.283455,West 34th Street,service,161.7
34.0234534,-118.2842986,34.0233717,-118.2843463,Unnamed,footway,33.1
34.0234534,-118.2842986,34.0233741,-118.2841102,Unnamed,service,63.9
34.0234534,-118.2842986,34.0237351,-118.2847631,Unnamed,service,180.3
34.0234534,-118.2842986,34.0236134,-118.2848126,Unnamed,service,176.7
34.0237351,-118.2847631,34.0234534,-118.2842986,Unnamed,service,180.3
34.0237351,-118.2847631,34.0236134,-118.2848126,Unnamed,service,48.4
34.0199909,-118.2868305,34.0198924,-118.2866239,Downey Way,service,72.1
34.0199909,-118.2868305,34.0203605,-118.2876734,Downey Way,service,288.3
34.0199909,-118.2868305,34.0203665,-118.2865936,Unnamed,service,154.6
34.0203665,-118.2865936,34.0199909,-118.2868305,Unnamed,service,154.6
34.0230044,-118.2861167,34.0232098,-118.2865799,Güney California Üniversitesi,footway,158.8
34.0215659,-118.285919,34.021284,-118.2860894,Unnamed,footway,115.0
34.0215659,-118.285919,34.0214629,-118.2855746,Hellman Way,footway,111.3
34.0215659,-118.285919,34.0219736,-118.2867087,Hellman Way,footway,286.6
34.0208124,-118.2863865,34.0211801,-118.286157,Unnamed,footway,151.0
34.0208124,-118.2863865,34.0206774,-118.286077,Childs Way,pedestrian,105.8
34.0208124,-118.2863865,34.0211684,-118.2871997,Childs Way,pedestrian,278.1
34.0212133,-118.2861717,34.0211974,-118.2861322,Unnamed,footway,13.3
34.021706,-118.284741,34.0216245,-118.2849187,Unnamed,footway,61.4
34.021706,-118.284741,34.0217946,-118.2849423,Unnamed,footway,68.9
34.021706,-118.284741,34.0216269,-118.2845264,Unnamed,footway,71.3
34.0217946,-118.2849423,34.0216245,-118.2849187,Unnamed,footway,62.5
34.0217946,-118.2849423,34.021706,-118.284741,Unnamed,footway,68.9
34.0217946,-118.2849423,34.0218318,-118.2850269,Unnamed,footway,29.0
34.0216269,-118.2845264,34.021706,-118.284741,Unnamed,footway,71.3
34.0222477,-118.2835894,34.0220987,-118.2835686,Unnamed,footway,54.7
34.0222477,-118.2835894,34.0224085,-118.2834876,Unnamed,footway,66.2
34.0222477,-118.2835894,34.0224691,-118.2836231,Unnamed,footway,81.5
34.0224618,-118.283455,34.0224085,-118.2834876,Unnamed,footway,21.8
34.0224618,-118.283455,34.0228698,-118.2843826,West 34th Street,service,317.5
34.0224618,-118.283455,34.022254,-118.2829828,West 34th Street,service,161.7
34.0218176,-118.2835095,34.0217759,-118.2834185,Unnamed,footway,31.4
34.0218176,-118.2835095,34.0218733,-118.2836393,Unnamed,footway,44.2
34.0218176,-118.2835095,34.0220096,-118.2835603,Unnamed,footway,71.7
34.0238737,-118.286664,34.0238127,-118.2867029,Güney California Üniversitesi,footway,25.2
34.0238737,-118.286664,34.0241309,-118.2872355,West 34th Street,service,196.6
34.0238737,-118.286664,34.0228698,-118.2843826,West 34th Street,service,781.0
34.0231441,-118.2871303,34.0229668,-118.2867312,West 35th Street,service,136.9
34.0231441,-118.2871303,34.0232732,-118.2874292,West 35th Street,service,101.9
34.0231441,-118.2871303,34.0233869,-118.2869745,Güney California Üniversitesi,footway,100.3
34.0242865,-118.2875897,34.0243342,-118.2875506,McClintock Avenue,service,21.0
34.0242865,-118.2875897,34.0242338,-118.2876403,McClintock Avenue,service,24.6
34.0242865,-118.2875897,34.0242512,-118.287508,West 34th Street,service,27.9
34.0215956,-118.2904908,34.0215515,-118.2905176,Unnamed,service,18.0
34.0215956,-118.2904908,34.0218006,-118.2909248,Downy Place,service,151.1
34.0215956,-118.2904908,34.0212184,-118.2896396,Downy Place,service,291.9
34.0215215,-118.2905355,34.0215515,-118.2905176,Unnamed,service,12.2
34.0207401,-118.2839842,34.0204216,-118.2841866,Unnamed,footway,131.3
34.0207401,-118.2839842,34.0207981,-118.2839465,Unnamed,footway,24.0
34.0207401,-118.2839842,34.0205754,-118.2844601,Unnamed,footway,155.9
34.0204216,-118.2841866,34.0203853,-118.2842103,Unnamed,footway,15.1
34.0204216,-118.2841866,34.0207401,-118.2839842,Unnamed,footway,131.3
34.0204216,-118.2841866,34.0205342,-118.2844478,Unnamed,footway,89.0
34.0203853,-118.2842103,34.0203524,-118.2842317,Unnamed,footway,13.6
34.0203853,-118.2842103,34.0204216,-118.2841866,Unnamed,footway,15.1
34.0203853,-118.2842103,34.0202759,-118.2839697,Unnamed,"steps, footway",83.0
34.0203524,-118.2842317,34.0204634,-118.28449,Unnamed,footway,88.0
34.0203524,-118.2842317,34.0203853,-118.2842103,Unnamed,footway,13.6
34.0203524,-118.2842317,34.0200881,-118.2844305,Unnamed,footway,117.0
34.0200881,-118.2844305,34.019978,-118.2844898,Unnamed,footway,44.0
34.0200881,-118.2844305,34.0196416,-118.2834147,Unnamed,footway,347.7
34.0200881,-118.2844305,34.0203524,-118.2842317,Unnamed,footway,117.0
34.0200881,-118.2844305,34.0204468,-118.2845351,Unnamed,footway,135.2
34.0200881,-118.2844305,34.0203607,-118.285074,Unnamed,footway,218.5
34.0241309,-118.2872355,34.0241812,-118.2872033,Unnamed,service,20.8
34.0241309,-118.2872355,34.0242512,-118.287508,West 34th Street,service,93.4
34.0241309,-118.2872355,34.0238737,-118.286664,West 34th Street,service,196.6
34.0243861,-118.2872081,34.0241812,-118.2872033,Unnamed,service,77.7
34.024297,-118.2874566,34.0241812,-118.2872033,Unnamed,footway,87.5
34.024297,-118.2874566,34.0242953,-118.2874672,Unnamed,footway,3.3
34.0241812,-118.2872033,34.024297,-118.2874566,Unnamed,footway,87.5
34.0241812,-118.2872033,34.0241309,-118.2872355,Unnamed,service,20.8
34.0241812,-118.2872033,34.0232711,-118.2851345,Unnamed,footway,708.2
34.0241812,-118.2872033,34.0243861,-118.2872081,Unnamed,service,77.7
34.0220449,-118.2825075,34.0221655,-118.2827809,West 34th Street,service,93.6
34.0220449,-118.2825075,34.0220938,-118.2824728,Unnamed,footway,20.7
34.0220449,-118.2825075,34.0219895,-118.2825433,Unnamed,footway,22.9
34.0220449,-118.2825075,34.0219307,-118.2822458,West 34th Street,service,89.4
34.0228173,-118.2885355,34.0212474,-118.2895374,McClintock Avenue,service,647.9
34.0228173,-118.2885355,34.0235511,-118.2880722,McClintock Avenue,service,302.1
34.0228173,-118.2885355,34.0228412,-118.2886032,Unnamed,footway,22.3
34.0228173,-118.2885355,34.0228043,-118.2884783,Unnamed,footway,18.3
34.0241989,-118.2875749,34.0235211,-118.2880049,Unnamed,footway,279.4
34.0241989,-118.2875749,34.0240686,-118.2872738,Güney California Üniversitesi,footway,102.7
34.0241989,-118.2875749,34.024205,-118.2875768,Unnamed,footway,2.3
34.0235211,-118.2880049,34.0235511,-118.2880722,West 35th Street,service,23.1
34.0235211,-118.2880049,34.0241989,-118.2875749,Unnamed,footway,279.4
34.0235211,-118.2880049,34.0231657,-118.288239,Unnamed,footway,147.7
34.0235211,-118.2880049,34.0233864,-118.2876902,West 35th Street,service,107.1
34.0223268,-118.2897798,34.022395,-118.2899431,Childs Way,service,55.3
34.0188186,-118.2887298,34.0188836,-118.2886992,Watt Way,service,25.5
34.0188186,-118.2887298,34.0188056,-118.2887816,Unnamed,service,16.4
34.0188186,-118.2887298,34.0187708,-118.288703,Unnamed,service,19.2
34.0191249,-118.2893623,34.0191679,-118.2893331,Unnamed,footway,18.0
34.0184374,-118.2889652,34.0187708,-118.288703,Unnamed,service,149.9
34.0184374,-118.2889652,34.0188056,-118.2887816,Unnamed,service,153.0
34.0218856,-118.2821391,34.021932,-118.2821098,Unnamed,service,19.1
34.0218856,-118.2821391,34.0219307,-118.2822458,West 34th Street,service,36.2
34.0220024,-118.2820652,34.021932,-118.2821098,Unnamed,service,29.0
34.0232732,-118.2874292,34.0231441,-118.2871303,West 35th Street,service,101.9
34.0232732,-118.2874292,34.0233864,-118.2876902,West 35th Street,service,89.1
34.0232732,-118.2874292,34.0237134,-118.2871575,Güney California Üniversitesi,footway,180.4
34.0237134,-118.2871575,34.0235842,-118.2868567,Unnamed,footway,102.4
34.0237134,-118.2871575,34.0232732,-118.2874292,Güney California Üniversitesi,footway,180.4
34.0237134,-118.2871575,34.0238233,-118.2873723,Unnamed,footway,76.4
34.0235842,-118.2868567,34.0233869,-118.2869745,Güney California Üniversitesi,footway,80.3
34.0235842,-118.2868567,34.0238127,-118.2867029,Güney California Üniversitesi,footway,95.5
34.0235842,-118.2868567,34.0237134,-118.2871575,Unnamed,footway,102.4
34.0238233,-118.2873723,34.0237134,-118.2871575,Unnamed,footway,76.4
34.0238233,-118.2873723,34.0233864,-118.2876902,Güney California Üniversitesi,footway,197.5
34.0238233,-118.2873723,34.0240686,-118.2872738,Güney California Üniversitesi,footway,100.4
34.0233864,-118.2876902,34.0232732,-118.2874292,West 35th Street,service,89.1
34.0233864,-118.2876902,34.0235211,-118.2880049,West 35th Street,service,107.1
34.0233864,-118.2876902,34.0238233,-118.2873723,Güney California Üniversitesi,footway,197.5
34.0235511,-118.2880722,34.0235211,-118.2880049,West 35th Street,service,23.1
34.0235511,-118.2880722,34.0228173,-118.2885355,McClintock Avenue,service,302.1
34.0235511,-118.2880722,34.0242338,-118.2876403,McClintock Avenue,service,281.3
34.021284,-118.2860894,34.0212466,-118.2860995,Unnamed,footway,14.0
34.021284,-118.2860894,34.0215659,-118.285919,Unnamed,footway,115.0
34.021284,-118.2860894,34.0214252,-118.2855968,Unnamed,footway,160.2
34.0211801,-118.286157,34.0208124,-118.2863865,Unnamed,footway,151.0
34.0211801,-118.286157,34.0211974,-118.2861322,Unnamed,footway,9.8
34.0211801,-118.286157,34.0207795,-118.2860149,Unnamed,footway,154.3
34.0228852,-118.2837394,34.0231848,-118.2840587,Unnamed,footway,154.3
34.0228255,-118.2836084,34.022655,-118.2834845,Unnamed,footway,78.7
34.0207052,-118.2849633,34.0207566,-118.2850744,Unnamed,footway,38.5
34.0207052,-118.2849633,34.0206064,-118.2846167,Unnamed,footway,113.9
34.0207052,-118.2849633,34.0205385,-118.2846625,Unnamed,footway,111.1
34.0207052,-118.2849633,34.0206203,-118.2845796,Trousdale Parkway,"pedestrian, footway",333.5
34.0207052,-118.2849633,34.0204447,-118.2852208,Trousdale Parkway,pedestrian,130.6
34.0195081,-118.2857147,34.020287,-118.2853109,Trousdale Parkway,pedestrian,311.3
34.0240686,-118.2872738,34.0238127,-118.2867029,Güney California Üniversitesi,footway,196.2
34.0240686,-118.2872738,34.0241989,-118.2875749,Güney California Üniversitesi,footway,102.7
34.0240686,-118.2872738,34.0238233,-118.2873723,Güney California Üniversitesi,footway,100.4
34.0238127,-118.2867029,34.0235842,-118.2868567,Güney California Üniversitesi,footway,95.5
34.0238127,-118.2867029,34.0238737,-118.286664,Güney California Üniversitesi,footway,25.2
34.0238127,-118.2867029,34.0240686,-118.2872738,Güney California Üniversitesi,footway,196.2
34.0238127,-118.2867029,34.0233353,-118.2856177,Güney California Üniversitesi,footway,371.5
34.022815,-118.2844186,34.0228698,-118.2843826,Unnamed,footway,22.8
34.022815,-118.2844186,34.0226076,-118.2845654,Unnamed,footway,87.7
34.022815,-118.2844186,34.0231868,-118.2852758,Güney California Üniversitesi,footway,292.5
34.022815,-118.2844186,34.0224691,-118.2836231,Güney California Üniversitesi,footway,271.6
34.0224691,-118.2836231,34.0224085,-118.2834876,Güney California Üniversitesi,footway,46.6
34.0224691,-118.2836231,34.0222477,-118.2835894,Unnamed,footway,81.5
34.0224691,-118.2836231,34.022815,-118.2844186,Güney California Üniversitesi,footway,271.6
34.0224085,-118.2834876,34.0224618,-118.283455,Unnamed,footway,21.8
34.0224085,-118.2834876,34.0222477,-118.2835894,Unnamed,footway,66.2
34.0224085,-118.2834876,34.0224691,-118.2836231,Güney California Üniversitesi,footway,46.6
34.0224085,-118.2834876,34.0221107,-118.2828156,Güney California Üniversitesi,footway,230.4
34.021932,-118.2821098,34.0219958,-118.2822531,Unnamed,footway,49.2
34.021932,-118.2821098,34.0220024,-118.2820652,Unnamed,service,29.0
34.021932,-118.2821098,34.0218856,-118.2821391,Unnamed,service,19.1
34.021932,-118.2821098,34.0218291,-118.2809112,Unnamed,footway,421.5
34.0196416,-118.2834147,34.0200881,-118.2844305,Unnamed,footway,347.7
34.0203982,-118.2852464,34.0203607,-118.285074,Unnamed,footway,53.9
34.0203982,-118.2852464,34.0203304,-118.2852881,Trousdale Parkway,pedestrian,27.8
34.0203982,-118.2852464,34.0204447,-118.2852208,Trousdale Parkway,pedestrian,18.6
34.0203607,-118.285074,34.0203982,-118.2852464,Unnamed,footway,53.9
34.0203607,-118.285074,34.0204988,-118.2846573,Unnamed,footway,135.7
34.0203607,-118.285074,34.0200881,-118.2844305,Unnamed,footway,218.5
34.0242512,-118.287508,34.0242865,-118.2875897,West 34th Street,service,27.9
34.0242512,-118.287508,34.024205,-118.2875768,Unnamed,footway,26.8
34.0242512,-118.287508,34.0241309,-118.2872355,West 34th Street,service,93.4
34.0242512,-118.287508,34.0242953,-118.2874672,Unnamed,footway,21.3
34.0242683,-118.2877029,34.0228412,-118.2886032,Unnamed,footway,587.5
34.0242683,-118.2877029,34.0243687,-118.2876412,Unnamed,footway,41.1
34.0242683,-118.2877029,34.0242338,-118.2876403,Unnamed,footway,22.9
34.0242338,-118.2876403,34.0242865,-118.2875897,McClintock Avenue,service,24.6
34.0242338,-118.2876403,34.024205,-118.2875768,Unnamed,footway,21.9
34.0242338,-118.2876403,34.0235511,-118.2880722,McClintock Avenue,service,281.3
34.0242338,-118.2876403,34.0242683,-118.2877029,Unnamed,footway,22.9
34.0243342,-118.2875506,34.0242865,-118.2875897,McClintock Avenue,service,21.0
34.0243342,-118.2875506,34.0243687,-118.2876412,Unnamed,footway,30.5
34.0243342,-118.2875506,34.0242953,-118.2874672,Unnamed,footway,29.7
34.0243687,-118.2876412,34.0242683,-118.2877029,Unnamed,footway,41.1
34.0243687,-118.2876412,34.0243342,-118.2875506,Unnamed,footway,30.5
34.0228412,-118.2886032,34.0242683,-118.2877029,Unnamed,footway,587.5
34.0228412,-118.2886032,34.0212871,-118.2896025,Unnamed,footway,643.1
34.0228412,-118.2886032,34.0228173,-118.2885355,Unnamed,footway,22.3
34.0188759,-118.2885491,34.0186502,-118.2880314,Unnamed,footway,176.9
34.0188759,-118.2885491,34.0187437,-118.2886335,Unnamed,footway,54.6
34.0188759,-118.2885491,34.0189446,-118.2886045,Unnamed,footway,31.0
34.0189911,-118.288706,34.0189785,-118.2887773,Unnamed,footway,22.0
34.0189911,-118.288706,34.0203681,-118.2878477,Unnamed,footway,566.5
34.0189911,-118.288706,34.0189677,-118.288651,Unnamed,footway,18.7
34.0189446,-118.2886045,34.0188759,-118.2885491,Unnamed,footway,31.0
34.0189446,-118.2886045,34.0203018,-118.2877071,Unnamed,footway,565.0
34.0189446,-118.2886045,34.0189677,-118.288651,Unnamed,footway,16.4
34.0187708,-118.288703,34.0188186,-118.2887298,Unnamed,service,19.2
34.0187708,-118.288703,34.0188056,-118.2887816,Unnamed,footway,26.9
34.0187708,-118.288703,34.0184374,-118.2889652,Unnamed,service,149.9
34.0187708,-118.288703,34.0187437,-118.2886335,Unnamed,footway,23.2
34.0188836,-118.2886992,34.0189353,-118.2888068,West 37th Place,service,37.6
34.0188836,-118.2886992,34.0189677,-118.288651,Watt Way,service,34.0
34.0188836,-118.2886992,34.0188186,-118.2887298,Watt Way,service,25.5
34.0226964,-118.2825351,34.0227254,-118.282515,Unnamed,service,12.2
34.0226964,-118.2825351,34.0225858,-118.2826209,Unnamed,service,48.2
34.0209143,-118.2889273,34.0206693,-118.2883663,Downey Way,service,191.7
34.0209143,-118.2889273,34.0211744,-118.289511,Downey Way,service,200.4
34.0209143,-118.2889273,34.0208561,-118.2889463,Unnamed,footway,22.0
34.0209143,-118.2889273,34.020974,-118.2889056,Unnamed,footway,22.7
34.0217204,-118.2884413,34.0214447,-118.2886129,Unnamed,footway,113.2
34.0194212,-118.2898978,34.0194593,-118.2898562,Unnamed,footway,18.7
34.0194212,-118.2898978,34.0191679,-118.2893331,West 37th Place,service,194.2
34.0194212,-118.2898978,34.0196658,-118.2904602,West 37th Place,service,192.0
34.0203096,-118.2877086,34.0203403,-118.2877721,Unnamed,footway,22.2
34.0203096,-118.2877086,34.0203018,-118.2877071,Unnamed,footway,2.9
34.0203096,-118.2877086,34.0203605,-118.2876734,Unnamed,footway,21.4
34.020371,-118.2878373,34.0203681,-118.2878477,Unnamed,footway,3.3
34.020371,-118.2878373,34.0203403,-118.2877721,Unnamed,footway,22.7
34.020371,-118.2878373,34.0204187,-118.2878053,Unnamed,footway,19.9
34.0204703,-118.2877698,34.020719,-118.2883321,Unnamed,footway,192.7
34.0204703,-118.2877698,34.0203605,-118.2876734,Unnamed,footway,67.2
34.0204703,-118.2877698,34.0204187,-118.2878053,Unnamed,footway,21.7
34.0204187,-118.2878053,34.0203897,-118.28774,Downey Way,service,22.4
34.0204187,-118.2878053,34.0206693,-118.2883663,Downey Way,service,192.7
34.0204187,-118.2878053,34.020371,-118.2878373,Unnamed,footway,19.9
34.0204187,-118.2878053,34.0204703,-118.2877698,Unnamed,footway,21.7
34.0203403,-118.2877721,34.0203897,-118.28774,Watt Way,service,20.5
34.0203403,-118.2877721,34.0203096,-118.2877086,Unnamed,footway,22.2
34.0203403,-118.2877721,34.020371,-118.2878373,Unnamed,footway,22.7
34.0203403,-118.2877721,34.0189677,-118.288651,Watt Way,service,566.9
34.0203605,-118.2876734,34.0199909,-118.2868305,Downey Way,service,288.3
34.0203605,-118.2876734,34.0203897,-118.28774,Downey Way,service,22.8
34.0203605,-118.2876734,34.0203096,-118.2877086,Unnamed,footway,21.4
34.0203605,-118.2876734,34.0204703,-118.2877698,Unnamed,footway,67.2
34.0188056,-118.2887816,34.0188186,-118.2887298,Unnamed,service,16.4
34.0188056,-118.2887816,34.0187708,-118.288703,Unnamed,footway,26.9
34.0188056,-118.2887816,34.0184374,-118.2889652,Unnamed,service,153.0
34.0188056,-118.2887816,34.0188297,-118.2888427,Unnamed,footway,20.5
34.0187437,-118.2886335,34.0188759,-118.2885491,Unnamed,footway,54.6
34.0187437,-118.2886335,34.0187708,-118.288703,Unnamed,footway,23.2
34.0233741,-118.2841102,34.0234534,-118.2842986,Unnamed,service,63.9
34.0215515,-118.2905176,34.0215215,-118.2905355,Unnamed,service,12.2
34.0215515,-118.2905176,34.0215956,-118.2904908,Unnamed,service,18.0
34.0215515,-118.2905176,34.0216447,-118.2907445,Unnamed,footway,76.6
34.0215515,-118.2905176,34.0211672,-118.2896789,Unnamed,footway,289.8
34.0204105,-118.2900007,34.0204262,-118.2900701,West 37th Street,footway,21.8
34.0207099,-118.289885,34.0210564,-118.2896606,McClintock Avenue,service,143.5
34.0207099,-118.289885,34.0207412,-118.2899493,Unnamed,service,22.5
34.0207099,-118.289885,34.0204262,-118.2900701,McClintock Avenue,service,117.7
34.0207686,-118.2900057,34.0207412,-118.2899493,Unnamed,service,19.8
34.0210564,-118.2896606,34.0207099,-118.289885,McClintock Avenue,service,143.5
34.0210564,-118.2896606,34.0210829,-118.2897226,Unnamed,service,21.1
34.0210564,-118.2896606,34.0211472,-118.2896022,McClintock Avenue,service,37.5
34.0211112,-118.2897884,34.0210829,-118.2897226,Unnamed,service,22.4
34.0211752,-118.2896662,34.0211672,-118.2896789,Unnamed,footway,4.8
34.0211752,-118.2896662,34.0212184,-118.2896396,Unnamed,footway,17.7
34.0211752,-118.2896662,34.0211472,-118.2896022,Unnamed,footway,21.9
34.0210829,-118.2897226,34.0207412,-118.2899493,Unnamed,footway,142.3
34.0210829,-118.2897226,34.0211112,-118.2897884,Unnamed,service,22.4
34.0210829,-118.2897226,34.0210564,-118.2896606,Unnamed,service,21.1
34.0210829,-118.2897226,34.0211672,-118.2896789,Unnamed,footway,33.6
34.0207412,-118.2899493,34.020447,-118.2901644,Unnamed,footway,125.5
34.0207412,-118.2899493,34.0210829,-118.2897226,Unnamed,footway,142.3
34.0207412,-118.2899493,34.0207686,-118.2900057,Unnamed,service,19.8
34.0207412,-118.2899493,34.0207099,-118.289885,Unnamed,service,22.5
34.020447,-118.2901644,34.0207412,-118.2899493,Unnamed,footway,125.5
34.020447,-118.2901644,34.0204262,-118.2900701,West 37th Street,footway,29.5
34.020447,-118.2901644,34.0206842,-118.2906924,West 37th Street,footway,182.1
34.020447,-118.2901644,34.0197659,-118.2905755,Unnamed,footway,279.3
34.0197659,-118.2905755,34.0197405,-118.2905009,Unnamed,footway,24.4
34.0197659,-118.2905755,34.0197208,-118.2906144,Unnamed,footway,20.2
34.0197659,-118.2905755,34.020447,-118.2901644,Unnamed,footway,279.3
34.0200491,-118.2902148,34.0200168,-118.2902353,Unnamed,footway,13.3
34.0200491,-118.2902148,34.0199824,-118.2900744,Unnamed,"steps, footway",48.9
34.0200491,-118.2902148,34.0211108,-118.2895335,Unnamed,footway,439.8
34.0197143,-118.2904269,34.0197187,-118.2904174,Unnamed,footway,3.3
34.0197143,-118.2904269,34.0196658,-118.2904602,Unnamed,footway,20.4
34.0197143,-118.2904269,34.0197405,-118.2905009,Unnamed,footway,24.3
34.0211232,-118.2895392,34.0211108,-118.2895335,Unnamed,footway,4.8
34.0211232,-118.2895392,34.0211744,-118.289511,Unnamed,footway,20.5
34.0211232,-118.2895392,34.0211472,-118.2896022,Unnamed,footway,21.0
34.0200168,-118.2902353,34.0200491,-118.2902148,Unnamed,footway,13.3
34.0200168,-118.2902353,34.0197187,-118.2904174,Unnamed,footway,122.3
34.0200168,-118.2902353,34.0199824,-118.2900744,Unnamed,footway,110.0
34.0199824,-118.2900744,34.0197824,-118.2896395,Unnamed,footway,150.4
34.0199824,-118.2900744,34.0200168,-118.2902353,Unnamed,footway,110.0
34.0199824,-118.2900744,34.0200491,-118.2902148,Unnamed,"steps, footway",48.9
34.0208035,-118.2909282,34.0208676,-118.2910756,West 37th Street,footway,50.3
34.0208035,-118.2909282,34.0206842,-118.2906924,West 37th Street,footway,83.8
34.0208035,-118.2909282,34.0207192,-118.2910256,Unnamed,footway,42.6
34.0207192,-118.2910256,34.0208035,-118.2909282,Unnamed,footway,42.6
34.0208676,-118.2910756,34.0208035,-118.2909282,West 37th Street,footway,50.3
34.0208676,-118.2910756,34.0209005,-118.2911515,West 37th Street,footway,25.9
34.0208676,-118.2910756,34.0207697,-118.2911739,Unnamed,footway,49.3
34.0207697,-118.2911739,34.0208676,-118.2910756,Unnamed,footway,49.3
34.0216447,-118.2907445,34.0215515,-118.2905176,Unnamed,footway,76.6
34.0216447,-118.2907445,34.0209005,-118.2911515,Unnamed,footway,299.2
34.0216447,-118.2907445,34.021876,-118.2912561,Unnamed,footway,176.2
34.0209005,-118.2911515,34.0208676,-118.2910756,West 37th Street,footway,25.9
34.0209005,-118.2911515,34.0216447,-118.2907445,Unnamed,footway,299.2
34.021876,-118.2912561,34.0216447,-118.2907445,Unnamed,footway,176.2
34.0218551,-118.2898983,34.0215087,-118.2901143,Unnamed,footway,142.3
34.0212719,-118.289598,34.0212871,-118.2896025,Unnamed,footway,5.7
34.0212719,-118.289598,34.0212184,-118.2896396,Unnamed,footway,23.2
34.0212719,-118.289598,34.0212474,-118.2895374,Unnamed,footway,20.4
34.0215087,-118.2901143,34.0218551,-118.2898983,Unnamed,footway,142.3
34.0215087,-118.2901143,34.0218811,-118.2908784,Unnamed,footway,269.8
34.0215087,-118.2901143,34.0212871,-118.2896025,Unnamed,footway,175.0
34.020719,-118.2883321,34.0208113,-118.2882717,Unnamed,service,38.3
34.020719,-118.2883321,34.0206693,-118.2883663,Unnamed,service,20.9
34.020719,-118.2883321,34.020974,-118.2889056,Unnamed,footway,196.8
34.020719,-118.2883321,34.0204703,-118.2877698,Unnamed,footway,192.7
34.020974,-118.2889056,34.020719,-118.2883321,Unnamed,footway,196.8
34.020974,-118.2889056,34.0209143,-118.2889273,Unnamed,footway,22.7
34.020974,-118.2889056,34.0212758,-118.2887228,Unnamed,footway,123.3
34.020974,-118.2889056,34.0212275,-118.28947,Unnamed,footway,195.1
34.0212209,-118.2894873,34.0212275,-118.28947,Unnamed,footway,5.8
34.0212209,-118.2894873,34.0211744,-118.289511,Unnamed,footway,18.4
34.0212209,-118.2894873,34.0212474,-118.2895374,Unnamed,footway,18.0
34.0208561,-118.2889463,34.0197824,-118.2896395,Unnamed,footway,444.3
34.0208561,-118.2889463,34.0209143,-118.2889273,Unnamed,footway,22.0
34.0208561,-118.2889463,34.0203681,-118.2878477,Unnamed,footway,377.4
34.0208561,-118.2889463,34.0211108,-118.2895335,Unnamed,footway,200.5
34.0206774,-118.286077,34.0207795,-118.2860149,Unnamed,footway,41.7
34.0206774,-118.286077,34.02061,-118.2859246,Childs Way,pedestrian,52.2
34.0206774,-118.286077,34.0208124,-118.2863865,Childs Way,pedestrian,105.8
34.0214252,-118.2855968,34.0214629,-118.2855746,Unnamed,footway,15.3
34.0214252,-118.2855968,34.021284,-118.2860894,Unnamed,footway,160.2
34.0214252,-118.2855968,34.0211108,-118.2858034,Unnamed,footway,131.0
34.0211898,-118.2885116,34.0212758,-118.2887228,Unnamed,footway,71.2
34.0211898,-118.2885116,34.0212801,-118.2884518,Unnamed,footway,37.6
34.0211898,-118.2885116,34.0210847,-118.2884846,Unnamed,footway,39.5
34.0212758,-118.2887228,34.0214447,-118.2886129,Unnamed,footway,70.0
34.0212758,-118.2887228,34.0211898,-118.2885116,Unnamed,footway,71.2
34.0212758,-118.2887228,34.020974,-118.2889056,Unnamed,footway,123.3
34.0214447,-118.2886129,34.0212758,-118.2887228,Unnamed,footway,70.0
34.0214447,-118.2886129,34.0217204,-118.2884413,Unnamed,footway,113.2
34.0214447,-118.2886129,34.0212801,-118.2884518,Unnamed,footway,83.6
34.0210847,-118.2884846,34.0208113,-118.2882717,Unnamed,service,158.0
34.0210847,-118.2884846,34.0209613,-118.2881825,Unnamed,service,103.2
34.0210847,-118.2884846,34.0211898,-118.2885116,Unnamed,footway,39.5
34.0209613,-118.2881825,34.0210847,-118.2884846,Unnamed,service,103.2
34.0209613,-118.2881825,34.0208113,-118.2882717,Unnamed,service,61.4
34.0209613,-118.2881825,34.0211173,-118.2880774,Unnamed,footway,65.2
34.0211173,-118.2880774,34.0212801,-118.2884518,Unnamed,footway,127.8
34.0211173,-118.2880774,34.0208296,-118.2874157,Unnamed,footway,225.9
34.0211173,-118.2880774,34.0209613,-118.2881825,Unnamed,footway,65.2
34.0202923,-118.2861202,34.0201766,-118.2861982,Unnamed,footway,48.4
34.0202923,-118.2861202,34.02061,-118.2859246,Unnamed,footway,130.1
34.0202923,-118.2861202,34.020484,-118.2861436,Unnamed,"steps, footway",75.7
34.020484,-118.2861436,34.0202923,-118.2861202,Unnamed,"steps, footway",75.7
34.0231868,-118.2852758,34.022815,-118.2844186,Güney California Üniversitesi,footway,292.5
34.0231868,-118.2852758,34.0233353,-118.2856177,Güney California Üniversitesi,footway,116.7
34.0231868,-118.2852758,34.0228635,-118.2854495,Unnamed,footway,129.2
34.0224044,-118.2855414,34.0225045,-118.2856302,Unnamed,footway,45.5
34.0224044,-118.2855414,34.0224615,-118.2851658,Unnamed,footway,121.7
34.0224044,-118.2855414,34.0223159,-118.2855712,Unnamed,footway,33.5
34.0223159,-118.2855712,34.0222913,-118.2856945,Unnamed,footway,41.9
34.0223159,-118.2855712,34.0221689,-118.2856231,Unnamed,footway,77.2
34.0223159,-118.2855712,34.0224044,-118.2855414,Unnamed,footway,33.5
34.0222117,-118.2857009,34.0221524,-118.2858126,Unnamed,footway,40.1
34.0222117,-118.2857009,34.0221689,-118.2856231,Unnamed,footway,29.4
34.0222117,-118.2857009,34.0222913,-118.2856945,Unnamed,footway,30.4
34.0221689,-118.2856231,34.0220546,-118.2855953,Unnamed,footway,42.8
34.0221689,-118.2856231,34.0223159,-118.2855712,Unnamed,footway,77.2
34.0221689,-118.2856231,34.0222117,-118.2857009,Unnamed,footway,29.4
34.0222913,-118.2856945,34.0222117,-118.2857009,Unnamed,footway,30.4
34.0222913,-118.2856945,34.0223159,-118.2855712,Unnamed,footway,41.9
34.0222913,-118.2856945,34.022339,-118.2858109,Unnamed,"steps, footway",39.3
34.0227086,-118.2850154,34.0226002,-118.2850114,Unnamed,footway,40.8
34.0227086,-118.2850154,34.0226797,-118.2848639,Unnamed,footway,50.0
34.0227086,-118.2850154,34.0228635,-118.2854495,Unnamed,footway,145.1
34.0226797,-118.2848639,34.0227086,-118.2850154,Unnamed,footway,50.0
34.0226797,-118.2848639,34.0226002,-118.2850114,Unnamed,footway,55.3
34.0226797,-118.2848639,34.0226166,-118.2846923,Unnamed,footway,59.7
34.0228635,-118.2854495,34.0228247,-118.285462,Unnamed,footway,14.7
34.0228635,-118.2854495,34.0231868,-118.2852758,Unnamed,footway,129.2
34.0228635,-118.2854495,34.0227086,-118.2850154,Unnamed,footway,145.1
34.0226166,-118.2846923,34.0226797,-118.2848639,Unnamed,footway,59.7
34.0226166,-118.2846923,34.0224841,-118.2846913,Unnamed,footway,51.0
34.0226166,-118.2846923,34.0226076,-118.2845654,Unnamed,footway,40.1
34.0225615,-118.2849746,34.0225853,-118.2850296,Unnamed,footway,18.8
34.0225853,-118.2850296,34.0226002,-118.2850114,Unnamed,footway,7.7
34.0225853,-118.2850296,34.022639,-118.2851161,Unnamed,footway,32.7
34.0225853,-118.2850296,34.0225615,-118.2849746,Unnamed,footway,18.8
34.0225853,-118.2850296,34.0224615,-118.2851658,Unnamed,footway,61.5
34.022639,-118.2851161,34.0225853,-118.2850296,Unnamed,footway,32.7
34.022339,-118.2858109,34.0222913,-118.2856945,Unnamed,"steps, footway",39.3
34.0228247,-118.285462,34.0228635,-118.2854495,Unnamed,footway,14.7
34.0228247,-118.285462,34.0229787,-118.2858425,Unnamed,footway,128.0
34.0228247,-118.285462,34.0225045,-118.2856302,Unnamed,footway,130.8
34.0229787,-118.2858425,34.0228247,-118.285462,Unnamed,footway,128.0
34.0229787,-118.2858425,34.0228824,-118.2859047,Unnamed,footway,39.8
34.0229787,-118.2858425,34.0231576,-118.2857297,Watt Way,footway,73.6
34.0211744,-118.289511,34.0211966,-118.2895727,Downey Way,service,20.3
34.0211744,-118.289511,34.0212209,-118.2894873,Unnamed,footway,18.4
34.0211744,-118.289511,34.0211232,-118.2895392,Unnamed,footway,20.5
34.0211744,-118.289511,34.0209143,-118.2889273,Downey Way,service,200.4
34.0212474,-118.2895374,34.0211966,-118.2895727,McClintock Avenue,service,21.4
34.0212474,-118.2895374,34.0212719,-118.289598,Unnamed,footway,20.4
34.0212474,-118.2895374,34.0212209,-118.2894873,Unnamed,footway,18.0
34.0212474,-118.2895374,34.0228173,-118.2885355,McClintock Avenue,service,647.9
34.0212184,-118.2896396,34.0211966,-118.2895727,Downy Place,service,21.7
34.0212184,-118.2896396,34.0211752,-118.2896662,Unnamed,footway,17.7
34.0212184,-118.2896396,34.0212719,-118.289598,Unnamed,footway,23.2
34.0212184,-118.2896396,34.0215956,-118.2904908,Downy Place,service,291.9
34.0211472,-118.2896022,34.0211966,-118.2895727,McClintock Avenue,service,20.1
34.0211472,-118.2896022,34.0211232,-118.2895392,Unnamed,footway,21.0
34.0211472,-118.2896022,34.0210564,-118.2896606,McClintock Avenue,service,37.5
34.0211472,-118.2896022,34.0211752,-118.2896662,Unnamed,footway,21.9
34.0211108,-118.2895335,34.0211232,-118.2895392,Unnamed,footway,4.8
34.0211108,-118.2895335,34.0200491,-118.2902148,Unnamed,footway,439.8
34.0211108,-118.2895335,34.0208561,-118.2889463,Unnamed,footway,200.5
34.0212871,-118.2896025,34.0212719,-118.289598,Unnamed,footway,5.7
34.0212871,-118.2896025,34.0228412,-118.2886032,Unnamed,footway,643.1
34.0212871,-118.2896025,34.0215087,-118.2901143,Unnamed,footway,175.0
34.0231657,-118.288239,34.0235211,-118.2880049,Unnamed,footway,147.7
34.0231657,-118.288239,34.0228043,-118.2884783,Unnamed,footway,150.4
34.0231657,-118.288239,34.0223738,-118.2874906,Unnamed,footway,481.4
34.0223738,-118.2874906,34.0231657,-118.288239,Unnamed,footway,481.4
34.0225045,-118.2856302,34.0228247,-118.285462,Unnamed,footway,130.8
34.0225045,-118.2856302,34.0224044,-118.2855414,Unnamed,footway,45.5
34.0225045,-118.2856302,34.0229668,-118.2867312,West 35th Street,"service, footway",373.2
34.0233869,-118.2869745,34.0231441,-118.2871303,Güney California Üniversitesi,footway,100.3
34.0233869,-118.2869745,34.0235842,-118.2868567,Güney California Üniversitesi,footway,80.3
34.0233869,-118.2869745,34.0232098,-118.2865799,Güney California Üniversitesi,footway,135.7
34.0229668,-118.2867312,34.0231441,-118.2871303,West 35th Street,service,136.9
34.0229668,-118.2867312,34.0232098,-118.2865799,Unnamed,footway,99.8
34.0229668,-118.2867312,34.0225045,-118.2856302,West 35th Street,"service, footway",373.2
34.0232098,-118.2865799,34.0233869,-118.2869745,Güney California Üniversitesi,footway,135.7
34.0232098,-118.2865799,34.0230044,-118.2861167,Güney California Üniversitesi,footway,158.8
34.0232098,-118.2865799,34.0229668,-118.2867312,Unnamed,footway,99.8
34.0228824,-118.2859047,34.0229787,-118.2858425,Unnamed,footway,39.8
34.0233353,-118.2856177,34.0231868,-118.2852758,Güney California Üniversitesi,footway,116.7
34.0233353,-118.2856177,34.0231576,-118.2857297,Watt Way,footway,73.1
34.0233353,-118.2856177,34.0238127,-118.2867029,Güney California Üniversitesi,footway,371.5
34.0231576,-118.2857297,34.0233353,-118.2856177,Watt Way,footway,73.1
34.0231576,-118.2857297,34.0229787,-118.2858425,Watt Way,footway,73.6
34.0231576,-118.2857297,34.0232377,-118.2859138,Unnamed,footway,62.9
34.0232377,-118.2859138,34.0231576,-118.2857297,Unnamed,footway,62.9
34.0236134,-118.2848126,34.0234534,-118.2842986,Unnamed,service,176.7
34.0236134,-118.2848126,34.0237351,-118.2847631,Unnamed,service,48.4
34.0236134,-118.2848126,34.0232711,-118.2851345,Güney California Üniversitesi,footway,167.3
34.0232711,-118.2851345,34.0230153,-118.2845635,Unnamed,footway,196.3
34.0232711,-118.2851345,34.0241812,-118.2872033,Unnamed,footway,708.2
34.0232711,-118.2851345,34.0236134,-118.2848126,Güney California Üniversitesi,footway,167.3
34.0231848,-118.2840587,34.022879,-118.2842553,Unnamed,footway,126.4
34.0231848,-118.2840587,34.0233717,-118.2843463,Unnamed,footway,118.2
34.0231848,-118.2840587,34.0228852,-118.2837394,Unnamed,footway,154.3
34.0233717,-118.2843463,34.0234534,-118.2842986,Unnamed,footway,33.1
34.0233717,-118.2843463,34.0230153,-118.2845635,Unnamed,footway,145.7
34.0233717,-118.2843463,34.0231848,-118.2840587,Unnamed,footway,118.2
34.022879,-118.2842553,34.0230153,-118.2845635,Unnamed,footway,105.6
34.022879,-118.2842553,34.0228518,-118.2841941,Unnamed,footway,21.0
34.022879,-118.2842553,34.0231848,-118.2840587,Unnamed,footway,126.4
34.0225522,-118.2835151,34.0223426,-118.2830409,Unnamed,footway,162.5
34.0225522,-118.2835151,34.0226029,-118.2834793,Unnamed,footway,21.4
34.0225522,-118.2835151,34.0227972,-118.2840708,Unnamed,footway,190.3
34.0226029,-118.2834793,34.022655,-118.2834845,Unnamed,footway,19.1
34.0226029,-118.2834793,34.0225522,-118.2835151,Unnamed,footway,21.4
34.0226029,-118.2834793,34.0226047,-118.2832626,Unnamed,"steps, footway",65.6
34.0222541,-118.2828394,34.022302,-118.2829495,Unnamed,footway,37.6
34.0222541,-118.2828394,34.0220938,-118.2824728,Unnamed,footway,125.3
34.0222541,-118.2828394,34.0224791,-118.2826389,Unnamed,footway,113.6
34.0223426,-118.2830409,34.0225522,-118.2835151,Unnamed,footway,162.5
34.0223426,-118.2830409,34.022302,-118.2829495,Unnamed,footway,31.4
34.0223426,-118.2830409,34.0225678,-118.2829083,Unnamed,footway,91.4
34.0225678,-118.2829083,34.0223426,-118.2830409,Unnamed,footway,91.4
34.0221655,-118.2827809,34.022254,-118.2829828,West 34th Street,service,69.1
34.0221655,-118.2827809,34.0220449,-118.2825075,West 34th Street,service,93.6
34.0221655,-118.2827809,34.0221107,-118.2828156,Unnamed,service,22.6
34.0220173,-118.2828768,34.0221107,-118.2828156,Unnamed,service,38.8
34.0221107,-118.2828156,34.0219895,-118.2825433,Güney California Üniversitesi,footway,93.5
34.0221107,-118.2828156,34.0220173,-118.2828768,Unnamed,service,38.8
34.0221107,-118.2828156,34.0221655,-118.2827809,Unnamed,service,22.6
34.0221107,-118.2828156,34.0224085,-118.2834876,Güney California Üniversitesi,footway,230.4
34.022655,-118.2834845,34.0226029,-118.2834793,Unnamed,footway,19.1
34.022655,-118.2834845,34.0228255,-118.2836084,Unnamed,footway,78.7
34.022655,-118.2834845,34.0228395,-118.2833646,Unnamed,footway,76.6
34.0228395,-118.2833646,34.022655,-118.2834845,Unnamed,footway,76.6
34.0224791,-118.2826389,34.0222541,-118.2828394,Unnamed,footway,113.6
34.0222972,-118.2822004,34.0223135,-118.2821905,Unnamed,footway,6.7
34.0222972,-118.2822004,34.0220425,-118.2823556,Unnamed,footway,104.1
34.0222972,-118.2822004,34.0225858,-118.2826209,Unnamed,footway,191.7
34.0225858,-118.2826209,34.022302,-118.2829495,Unnamed,service,151.8
34.0225858,-118.2826209,34.0226964,-118.2825351,Unnamed,service,48.2
34.0225858,-118.2826209,34.0222972,-118.2822004,Unnamed,footway,191.7
34.0227254,-118.282515,34.0226964,-118.2825351,Unnamed,service,12.2
34.0226047,-118.2832626,34.0226029,-118.2834793,Unnamed,"steps, footway",65.6
34.0219976,-118.2808892,34.0218291,-118.2809112,Unnamed,footway,62.1
34.0218291,-118.2809112,34.0217541,-118.2807529,Unnamed,footway,55.1
34.0218291,-118.2809112,34.0219976,-118.2808892,Unnamed,footway,62.1
34.0218291,-118.2809112,34.021932,-118.2821098,Unnamed,footway,421.5
34.0217541,-118.2807529,34.0218291,-118.2809112,Unnamed,footway,55.1
34.0197381,-118.2872476,34.0186502,-118.2880314,Unnamed,footway,481.2
34.0225352,-118.2902804,34.022395,-118.2899431,Childs Way,service,114.1
34.0225352,-118.2902804,34.0225939,-118.2904167,Childs Way,service,46.4
34.0225352,-118.2902804,34.0226228,-118.2902217,Unnamed,footway,36.6
34.0228142,-118.289671,34.0229059,-118.2896021,Unnamed,footway,39.4
34.0228142,-118.289671,34.0226228,-118.2902217,Unnamed,footway,252.4
34.0228142,-118.289671,34.0224708,-118.2898904,Unnamed,footway,141.8
34.0229059,-118.2896021,34.0228142,-118.289671,Unnamed,footway,39.4
34.0222897,-118.2896948,34.0224708,-118.2898904,Unnamed,footway,109.1
34.0224708,-118.2898904,34.0226228,-118.2902217,Unnamed,footway,114.5
34.0224708,-118.2898904,34.022395,-118.2899431,Unnamed,footway,31.9
34.0224708,-118.2898904,34.0222897,-118.2896948,Unnamed,footway,109.1
34.0224708,-118.2898904,34.0228142,-118.289671,Unnamed,footway,141.8
34.0226228,-118.2902217,34.0225352,-118.2902804,Unnamed,footway,36.6
34.0226228,-118.2902217,34.0226817,-118.2903513,Unnamed,footway,44.7
34.0226228,-118.2902217,34.0224708,-118.2898904,Unnamed,footway,114.5
34.0226228,-118.2902217,34.0228142,-118.289671,Unnamed,footway,252.4
34.022395,-118.2899431,34.0223268,-118.2897798,Childs Way,service,55.3
34.022395,-118.2899431,34.0225352,-118.2902804,Childs Way,service,114.1
34.022395,-118.2899431,34.0224708,-118.2898904,Unnamed,footway,31.9
34.0203304,-118.2852881,34.020287,-118.2853109,Trousdale Parkway,pedestrian,17.3
34.0203304,-118.2852881,34.0203982,-118.2852464,Trousdale Parkway,pedestrian,27.8
34.0203304,-118.2852881,34.0201771,-118.2849413,Childs Way,pedestrian,118.9
34.0203304,-118.2852881,34.02061,-118.2859246,Childs Way,pedestrian,217.8
34.0204447,-118.2852208,34.0203982,-118.2852464,Trousdale Parkway,pedestrian,18.6
34.0204447,-118.2852208,34.0207052,-118.2849633,Trousdale Parkway,pedestrian,130.6
34.0204447,-118.2852208,34.0207566,-118.2850744,Trousdale Parkway,pedestrian,124.7
34.0194593,-118.2898562,34.0194212,-118.2898978,Unnamed,footway,18.7
34.0194593,-118.2898562,34.0192115,-118.2893018,Unnamed,footway,190.5
34.0194593,-118.2898562,34.0197824,-118.2896395,Unnamed,footway,135.5
34.0194593,-118.2898562,34.0197187,-118.2904174,Unnamed,footway,194.7
34.0196135,-118.2904961,34.0197208,-118.2906144,Unnamed,footway,69.3
34.0196135,-118.2904961,34.0188798,-118.2888441,Unnamed,footway,586.4
34.0196135,-118.2904961,34.0196658,-118.2904602,Unnamed,footway,22.0
34.0196658,-118.2904602,34.0196963,-118.2905307,West 37th Place,service,24.0
34.0196658,-118.2904602,34.0197143,-118.2904269,Unnamed,footway,20.4
34.0196658,-118.2904602,34.0194212,-118.2898978,West 37th Place,service,192.0
34.0196658,-118.2904602,34.0196135,-118.2904961,Unnamed,footway,22.0
34.0197405,-118.2905009,34.0196963,-118.2905307,McClintock Avenue,service,18.5
34.0197405,-118.2905009,34.0197143,-118.2904269,Unnamed,footway,24.3
34.0197405,-118.2905009,34.0197659,-118.2905755,Unnamed,footway,24.4
34.0197405,-118.2905009,34.0204262,-118.2900701,McClintock Avenue,service,282.1
34.0184425,-118.2874782,34.0185286,-118.2877332,Unnamed,footway,84.5
34.0184425,-118.2874782,34.0185465,-118.2873853,Unnamed,footway,47.4
34.0185412,-118.2877629,34.0185569,-118.2877999,Unnamed,footway,12.6
34.0185412,-118.2877629,34.0185286,-118.2877332,Unnamed,footway,10.1
34.0199861,-118.2912715,34.019958,-118.2911487,West 37th Place,service,38.6
34.0199861,-118.2912715,34.0203892,-118.290877,Unnamed,"service, footway",230.0
34.019958,-118.2911487,34.0197208,-118.2906144,West 37th Place,service,183.3
34.019958,-118.2911487,34.0199861,-118.2912715,West 37th Place,service,38.6
34.019958,-118.2911487,34.0203892,-118.290877,Unnamed,"steps, footway",177.5
34.0206842,-118.2906924,34.0203892,-118.290877,Unnamed,footway,121.2
34.0206842,-118.2906924,34.020447,-118.2901644,West 37th Street,footway,182.1
34.0206842,-118.2906924,34.0208035,-118.2909282,West 37th Street,footway,83.8
34.0203892,-118.290877,34.0206842,-118.2906924,Unnamed,footway,121.2
34.0203892,-118.290877,34.019958,-118.2911487,Unnamed,"steps, footway",177.5
34.0203892,-118.290877,34.0199861,-118.2912715,Unnamed,"service, footway",230.0
34.0226817,-118.2903513,34.022809,-118.2906416,Unnamed,footway,99.3
34.0226817,-118.2903513,34.0226228,-118.2902217,Unnamed,footway,44.7
34.0226817,-118.2903513,34.0227053,-118.2903333,Unnamed,footway,10.2
34.0226817,-118.2903513,34.0225939,-118.2904167,Unnamed,footway,37.6
34.0227053,-118.2903333,34.0226817,-118.2903513,Unnamed,footway,10.2
34.022809,-118.2906416,34.022976,-118.2910183,Unnamed,footway,129.2
34.022809,-118.2906416,34.0226817,-118.2903513,Unnamed,footway,99.3
34.022809,-118.2906416,34.0228418,-118.2906214,Unnamed,footway,13.4
34.0228418,-118.2906214,34.022809,-118.2906416,Unnamed,footway,13.4
34.022976,-118.2910183,34.0231235,-118.2913509,Unnamed,footway,114.1
34.022976,-118.2910183,34.022809,-118.2906416,Unnamed,footway,129.2
34.022976,-118.2910183,34.0230006,-118.2910016,Unnamed,footway,10.3
34.0230006,-118.2910016,34.022976,-118.2910183,Unnamed,footway,10.3
34.0225939,-118.2904167,34.0225352,-118.2902804,Childs Way,service,46.4
34.0225939,-118.2904167,34.0226226,-118.2904853,Childs Way,service,23.2
34.0225939,-118.2904167,34.0226817,-118.2903513,Unnamed,footway,37.6
34.0219958,-118.2822531,34.0220425,-118.2823556,Unnamed,footway,35.4
34.0219958,-118.2822531,34.021932,-118.2821098,Unnamed,footway,49.2
34.0219958,-118.2822531,34.0219307,-118.2822458,Unnamed,footway,23.9
34.0219895,-118.2825433,34.0221107,-118.2828156,Güney California Üniversitesi,footway,93.5
34.0219895,-118.2825433,34.0220449,-118.2825075,Unnamed,footway,22.9
34.0220938,-118.2824728,34.0222541,-118.2828394,Unnamed,footway,125.3
34.0220938,-118.2824728,34.0220425,-118.2823556,Unnamed,footway,40.1
34.0220938,-118.2824728,34.0220449,-118.2825075,Unnamed,footway,20.7
34.024205,-118.2875768,34.0242338,-118.2876403,Unnamed,footway,21.9
34.024205,-118.2875768,34.0241989,-118.2875749,Unnamed,footway,2.3
34.024205,-118.2875768,34.0242512,-118.287508,Unnamed,footway,26.8
34.0242953,-118.2874672,34.024297,-118.2874566,Unnamed,footway,3.3
34.0242953,-118.2874672,34.0242512,-118.287508,Unnamed,footway,21.3
34.0242953,-118.2874672,34.0243342,-118.2875506,Unnamed,footway,29.7
34.0212275,-118.28947,34.0212209,-118.2894873,Unnamed,footway,5.8
34.0212275,-118.28947,34.020974,-118.2889056,Unnamed,footway,195.1
34.0212275,-118.28947,34.0228043,-118.2884783,Unnamed,footway,649.1
34.0211672,-118.2896789,34.0211752,-118.2896662,Unnamed,footway,4.8
34.0211672,-118.2896789,34.0210829,-118.2897226,Unnamed,footway,33.6
34.0211672,-118.2896789,34.0215515,-118.2905176,Unnamed,footway,289.8
34.0197187,-118.2904174,34.0197143,-118.2904269,Unnamed,footway,3.3
34.0197187,-118.2904174,34.0200168,-118.2902353,Unnamed,footway,122.3
34.0197187,-118.2904174,34.0194593,-118.2898562,Unnamed,footway,194.7
34.0203681,-118.2878477,34.020371,-118.2878373,Unnamed,footway,3.3
34.0203681,-118.2878477,34.0189911,-118.288706,Unnamed,footway,566.5
34.0203681,-118.2878477,34.0208561,-118.2889463,Unnamed,footway,377.4
34.0203018,-118.2877071,34.0203096,-118.2877086,Unnamed,footway,2.9
34.0203018,-118.2877071,34.0189446,-118.2886045,Unnamed,footway,565.0
34.0203018,-118.2877071,34.0201766,-118.2861982,Unnamed,"steps, footway",585.7
